Book Name,root,collection,genre, author,folder,file
02. Mile High - R. K. Lilley,millervillenas,ebooks,Adult,R. K. Lilley,02. Mile High (599),02. Mile High - R. K. Lilley.epub
0756633540 - Unknown Author,millervillenas,ebooks,Adult,Unknown Author,0756633540 (345),0756633540 - Unknown Author.epub
1 Dirty Bad Wrong - Jade West,millervillenas,ebooks,Adult,Jade West,1 Dirty Bad Wrong (972),1 Dirty Bad Wrong - Jade West.mobi
2 Dirty Bad Savage - Jade West,millervillenas,ebooks,Adult,Jade West,2 Dirty Bad Savage (970),2 Dirty Bad Savage - Jade West.epub
2-Mile High - R. K. Lilley,millervillenas,ebooks,Adult,R. K. Lilley,2-Mile High (712),2-Mile High - R. K. Lilley.epub
"269 Red Hot XXX Rated Questions - Sourcebooks, Inc_",millervillenas,ebooks,Adult,"Sourcebooks, Inc_",269 Red Hot XXX Rated Questions _ S (642),"269 Red Hot XXX Rated Questions - Sourcebooks, Inc_.epub"
3 Dirty Bad Strangers - Jade West,millervillenas,ebooks,Adult,Jade West,3 Dirty Bad Strangers (969),3 Dirty Bad Strangers - Jade West.mobi
4 Dirty Bad Secrets - Jade West,millervillenas,ebooks,Adult,Jade West,4 Dirty Bad Secrets (971),4 Dirty Bad Secrets - Jade West.mobi
4-Finale - Becca Fitzpatrick,millervillenas,ebooks,Adult,Becca Fitzpatrick,4-Finale (588),4-Finale - Becca Fitzpatrick.epub
44 Charles Street - Danielle Steel,millervillenas,ebooks,Adult,Danielle Steel,44 Charles Street (130),44 Charles Street - Danielle Steel.epub
8 Oral Sex Games For Ultimate F - Sonia Borg,millervillenas,ebooks,Adult,Sonia Borg,8 Oral Sex Games For Ultimate Fun & (634),8 Oral Sex Games For Ultimate F - Sonia Borg.epub
A Bad Day for Sunshine (Sunshin - Darynda Jones,millervillenas,ebooks,Adult,Darynda Jones,A Bad Day for Sunshine (Sunshine Vi (756),A Bad Day for Sunshine (Sunshin - Darynda Jones.mobi
A Beautiful Funeral - Unknown,millervillenas,ebooks,Adult,Unknown,A Beautiful Funeral (584),A Beautiful Funeral - Unknown.epub
A Broken Us - Amy Daws,millervillenas,ebooks,Adult,Amy Daws,A Broken Us (929),A Broken Us - Amy Daws.epub
A Court of Frost and Starlight - Sarah J. Maas,millervillenas,ebooks,Adult,Sarah J. Maas,A Court of Frost and Starlight (A C (1513),A Court of Frost and Starlight - Sarah J. Maas.epub
A Court of Mist and Fury - Sarah J. Maas,millervillenas,ebooks,Adult,Sarah J. Maas,A Court of Mist and Fury (1511),A Court of Mist and Fury - Sarah J. Maas.epub
A Court of Silver Flames - Sarah J. Maas,millervillenas,ebooks,Adult,Sarah J. Maas,A Court of Silver Flames (1515),A Court of Silver Flames - Sarah J. Maas.mobi
A Court of Thorns and Roses - Sarah J. Maas,millervillenas,ebooks,Adult,Sarah J. Maas,A Court of Thorns and Roses (1512),A Court of Thorns and Roses - Sarah J. Maas.epub
A Court of Wings and Ruin - Sarah J. Maas,millervillenas,ebooks,Adult,Sarah J. Maas,A Court of Wings and Ruin (1514),A Court of Wings and Ruin - Sarah J. Maas.mobi
A Favor for a Favor (All In) - Helena Hunting,millervillenas,ebooks,Adult,Helena Hunting,A Favor for a Favor (All In) (1126),A Favor for a Favor (All In) - Helena Hunting.mobi
A Forever Family (Forever #6) - Sandi Lynn,millervillenas,ebooks,Adult,Sandi Lynn,A Forever Family (Forever #6) (675),A Forever Family (Forever #6) - Sandi Lynn.epub
A Good Day for Chardonnay (Suns - Darynda Jones,millervillenas,ebooks,Adult,Darynda Jones,A Good Day for Chardonnay (Sunshine (771),A Good Day for Chardonnay (Suns - Darynda Jones.mobi
A Good Woman - Danielle Steel,millervillenas,ebooks,Adult,Danielle Steel,A Good Woman (128),A Good Woman - Danielle Steel.epub
A Kiss To Tell Bonus Scene - Willow Winters,millervillenas,ebooks,Adult,Willow Winters,A Kiss To Tell Bonus Scene (749),A Kiss To Tell Bonus Scene - Willow Winters.epub
A Kiss to Tell - Willow Winters,millervillenas,ebooks,Adult,Willow Winters,A Kiss to Tell (745),A Kiss to Tell - Willow Winters.epub
A Legal Affair_ Complete Series - M. S. Parker,millervillenas,ebooks,Adult,M. S. Parker,A Legal Affair_ Complete Series Box (1085),A Legal Affair_ Complete Series - M. S. Parker.epub
A Lie for a Lie (All In) - Helena Hunting,millervillenas,ebooks,Adult,Helena Hunting,A Lie for a Lie (All In) (1127),A Lie for a Lie (All In) - Helena Hunting.epub
A McKenzie Christmas - Lexi Buchanan,millervillenas,ebooks,Adult,Lexi Buchanan,A McKenzie Christmas (906),A McKenzie Christmas - Lexi Buchanan.epub
A Not So Meet Cute - Meghan Quinn,millervillenas,ebooks,Adult,Meghan Quinn,A Not So Meet Cute (877),A Not So Meet Cute - Meghan Quinn.epub
A Perfect Fit - Megan Hart,millervillenas,ebooks,Adult,Megan Hart,A Perfect Fit (61),A Perfect Fit - Megan Hart.epub
A Secret for a Secret (All In) - Helena Hunting,millervillenas,ebooks,Adult,Helena Hunting,A Secret for a Secret (All In) (1125),A Secret for a Secret (All In) - Helena Hunting.mobi
A Single Glance - Willow Winters,millervillenas,ebooks,Adult,Willow Winters,A Single Glance (650),A Single Glance - Willow Winters.epub
A Single Kiss (Irresistible Att - Willow Winters,millervillenas,ebooks,Adult,Willow Winters,A Single Kiss (Irresistible Attract (703),A Single Kiss (Irresistible Att - Willow Winters.epub
A Single Touch (Irresistible At - Willow Winters,millervillenas,ebooks,Adult,Willow Winters,A Single Touch (Irresistible Attrac (711),A Single Touch (Irresistible At - Willow Winters.mobi
"A Stolen Life - Dugard, Jaycee",millervillenas,ebooks,Adult,"Dugard, Jaycee",A Stolen Life (1322),"A Stolen Life - Dugard, Jaycee.epub"
A Vampire's Claim - Joey W. Hill,millervillenas,ebooks,Adult,Joey W. Hill,A Vampire's Claim (315),A Vampire's Claim - Joey W. Hill.epub
"A Vampire's Claim, Book 3 - Joey W. Hill",millervillenas,ebooks,Adult,Joey W. Hill,"A Vampire's Claim, Book 3 (45)","A Vampire's Claim, Book 3 - Joey W. Hill.epub"
A Very Sticky Little Lies Chris - Helena Hunting,millervillenas,ebooks,Adult,Helena Hunting,A Very Sticky Little Lies Christmas (1382),A Very Sticky Little Lies Chris - Helena Hunting.mobi
"A View to a Thrill - Blake, Lexi",millervillenas,ebooks,Adult,"Blake, Lexi",A View to a Thrill (255),"A View to a Thrill - Blake, Lexi.epub"
A Wild Card Kiss - Lauren Blakely,millervillenas,ebooks,Adult,Lauren Blakely,A Wild Card Kiss (1361),A Wild Card Kiss - Lauren Blakely.mobi
A Wildly Seductive Night_ (Sedu - Lauren Blakely,millervillenas,ebooks,Adult,Lauren Blakely,A Wildly Seductive Night_ (Seductiv (904),A Wildly Seductive Night_ (Sedu - Lauren Blakely.epub
A Woman Betrayed - Barbara Delinsky,millervillenas,ebooks,Adult,Barbara Delinsky,A Woman Betrayed (33),A Woman Betrayed - Barbara Delinsky.mobi
AREA 51 - Helena Hunting,millervillenas,ebooks,Adult,Helena Hunting,AREA 51 (1122),AREA 51 - Helena Hunting.epub
A_Dom_Is_Forever - Lexi_Blake,millervillenas,ebooks,Adult,Lexi_Blake,A_Dom_Is_Forever (256),A_Dom_Is_Forever - Lexi_Blake.epub
Accident - Danielle Steel,millervillenas,ebooks,Adult,Danielle Steel,Accident (111),Accident - Danielle Steel.mobi
Aced - K. Bromberg,millervillenas,ebooks,Adult,K. Bromberg,Aced (1303),Aced - K. Bromberg.mobi
Addicted After All - Krista Ritchie,millervillenas,ebooks,Adult,Krista Ritchie,Addicted After All (1225),Addicted After All - Krista Ritchie.mobi
Addicted for Now (Addicted #2) - Krista Ritchie,millervillenas,ebooks,Adult,Krista Ritchie,Addicted for Now (Addicted #2) (1229),Addicted for Now (Addicted #2) - Krista Ritchie.mobi
Addicted to You - Krista Ritchie,millervillenas,ebooks,Adult,Krista Ritchie,Addicted to You (1230),Addicted to You - Krista Ritchie.epub
Addiction - Ivy Smoak,millervillenas,ebooks,Adult,Ivy Smoak,Addiction (773),Addiction - Ivy Smoak.mobi
Adding Heat - Cris Anson,millervillenas,ebooks,Adult,Cris Anson,Adding Heat (2),Adding Heat - Cris Anson.mobi
Aflame (Fall Away #4) - Penelope Douglas,millervillenas,ebooks,Adult,Penelope Douglas,Aflame (Fall Away #4) (1431),Aflame (Fall Away #4) - Penelope Douglas.mobi
"After (The After Series) - Todd, Anna",millervillenas,ebooks,Adult,"Todd, Anna",After (The After Series) (781),"After (The After Series) - Todd, Anna.mobi"
After Class & All You Can Eat b - Megan Hart,millervillenas,ebooks,Adult,Megan Hart,After Class & All You Can Eat by Meg (62),After Class & All You Can Eat b - Megan Hart.epub
"After Class - Hart, Megan",millervillenas,ebooks,Adult,"Hart, Megan",After Class (383),"After Class - Hart, Megan.epub"
"After Dinner Drinks - Claire, Ainsley St_",millervillenas,ebooks,Adult,"Claire, Ainsley St_",After Dinner Drinks (1082),"After Dinner Drinks - Claire, Ainsley St_.epub"
After Ever Happy (After #4) - Anna Todd,millervillenas,ebooks,Adult,Anna Todd,After Ever Happy (After #4) (780),After Ever Happy (After #4) - Anna Todd.epub
After Hours_ (InterMix) - Cara McKenna,millervillenas,ebooks,Adult,Cara McKenna,After Hours_ (InterMix) (396),After Hours_ (InterMix) - Cara McKenna.epub
After Midnight - Elle Kennedy,millervillenas,ebooks,Adult,Elle Kennedy,After Midnight (1485),After Midnight - Elle Kennedy.mobi
After This Night - Lauren Blakely,millervillenas,ebooks,Adult,Lauren Blakely,After This Night (905),After This Night - Lauren Blakely.epub
"After We Collided (The After Se - Todd, Anna",millervillenas,ebooks,Adult,"Todd, Anna",After We Collided (The After Series (785),"After We Collided (The After Se - Todd, Anna.epub"
After We Fall - Melanie Harlow,millervillenas,ebooks,Adult,Melanie Harlow,After We Fall (1100),After We Fall - Melanie Harlow.epub
After We Fell - Anna Todd,millervillenas,ebooks,Adult,Anna Todd,After We Fell (782),After We Fell - Anna Todd.epub
After the Kiss_ The Stiletto Se - Lauren Layne,millervillenas,ebooks,Adult,Lauren Layne,After the Kiss_ The Stiletto Series (1271),After the Kiss_ The Stiletto Se - Lauren Layne.epub
"Aftershock (Cosmo Red-Hot Reads - Day, Sylvia",millervillenas,ebooks,Adult,"Day, Sylvia",Aftershock (Cosmo Red-Hot Reads fro (382),"Aftershock (Cosmo Red-Hot Reads - Day, Sylvia.mobi"
Aftershock - Sylvia Day,millervillenas,ebooks,Adult,Sylvia Day,Aftershock (188),Aftershock - Sylvia Day.mobi
Alaska Wild - Helena Newbury,millervillenas,ebooks,Adult,Helena Newbury,Alaska Wild (560),Alaska Wild - Helena Newbury.epub
All Good People Here_ A Novel - Ashley Flowers,millervillenas,ebooks,Adult,Ashley Flowers,All Good People Here_ A Novel (1521),All Good People Here_ A Novel - Ashley Flowers.mobi
"All He Needs (All or Nothing) - Gibbs, C.C_",millervillenas,ebooks,Adult,"Gibbs, C.C_",All He Needs (All or Nothing) (898),"All He Needs (All or Nothing) - Gibbs, C.C_.epub"
All He Wants - C.C. Gibbs,millervillenas,ebooks,Adult,C.C. Gibbs,All He Wants (900),All He Wants - C.C. Gibbs.epub
All I Want Is A Kiss - Willow Winters,millervillenas,ebooks,Adult,Willow Winters,All I Want Is A Kiss (1055),All I Want Is A Kiss - Willow Winters.mobi
All The Lies (Mindf_ck Series B - S.T. Abby,millervillenas,ebooks,Adult,S.T. Abby,All The Lies (Mindf_ck Series Book (1554),All The Lies (Mindf_ck Series B - S.T. Abby.epub
All Your Perfects - Colleen Hoover,millervillenas,ebooks,Adult,Colleen Hoover,All Your Perfects (1259),All Your Perfects - Colleen Hoover.epub
All the Light We Cannot See_ A - Anthony Doerr,millervillenas,ebooks,Adult,Anthony Doerr,All the Light We Cannot See_ A Nove (563),All the Light We Cannot See_ A - Anthony Doerr.epub
Almost Paradise (Sinners in Par - Olivia Cunning,millervillenas,ebooks,Adult,Olivia Cunning,Almost Paradise (Sinners in Paradis (1606),Almost Paradise (Sinners in Par - Olivia Cunning.epub
Alone_ Book 4 in The Everett Ga - Drew Sera,millervillenas,ebooks,Adult,Drew Sera,Alone_ Book 4 in The Everett Gaming (603),Alone_ Book 4 in The Everett Ga - Drew Sera.epub
Alpha's Regret_ My Luna Has A S - Jessica Hall,millervillenas,ebooks,Adult,Jessica Hall,Alpha's Regret_ My Luna Has A Son (1628),Alpha's Regret_ My Luna Has A S - Jessica Hall.mobi
Amazing Grace - Danielle Steel,millervillenas,ebooks,Adult,Danielle Steel,Amazing Grace (112),Amazing Grace - Danielle Steel.epub
An Accidental Woman - Barbara Delinsky,millervillenas,ebooks,Adult,Barbara Delinsky,An Accidental Woman (20),An Accidental Woman - Barbara Delinsky.mobi
An Offer From a Gentleman - Julia Quinn,millervillenas,ebooks,Adult,Julia Quinn,An Offer From a Gentleman (1560),An Offer From a Gentleman - Julia Quinn.epub
"Anaconda_ A Sexy Romantic Comed - Landish, Lauren",millervillenas,ebooks,Adult,"Landish, Lauren",Anaconda_ A Sexy Romantic Comedy (871),"Anaconda_ A Sexy Romantic Comed - Landish, Lauren.mobi"
And I Love You the Most (This L - Willow Winters,millervillenas,ebooks,Adult,Willow Winters,And I Love You the Most (This Love (717),And I Love You the Most (This L - Willow Winters.epub
Answered prayers - Danielle Steel,millervillenas,ebooks,Adult,Danielle Steel,Answered prayers (110),Answered prayers - Danielle Steel.epub
Anything For You - Layla Hagen,millervillenas,ebooks,Adult,Layla Hagen,Anything For You (864),Anything For You - Layla Hagen.epub
"Apollyon (Covenant) - Armentrout, Jennifer L_",millervillenas,ebooks,Adult,"Armentrout, Jennifer L_",Apollyon (Covenant) (800),"Apollyon (Covenant) - Armentrout, Jennifer L_.epub"
April (Calendar Girl #4) - Audrey Carlan,millervillenas,ebooks,Adult,Audrey Carlan,April (Calendar Girl #4) (381),April (Calendar Girl #4) - Audrey Carlan.epub
April_ Calendar Girl Book 4 - Audrey Carlan,millervillenas,ebooks,Adult,Audrey Carlan,April_ Calendar Girl Book 4 (261),April_ Calendar Girl Book 4 - Audrey Carlan.mobi
Archer's Voice - Mia Sheridan,millervillenas,ebooks,Adult,Mia Sheridan,Archer's Voice (1502),Archer's Voice - Mia Sheridan.mobi
Artificial Condition--The Murde - Martha Wells,millervillenas,ebooks,Adult,Martha Wells,Artificial Condition--The Murderbot (796),Artificial Condition--The Murde - Martha Wells.epub
Ashes_ The Dark in You [Book 3] - Suzanne Wright,millervillenas,ebooks,Adult,Suzanne Wright,Ashes_ The Dark in You [Book 3] (729),Ashes_ The Dark in You [Book 3] - Suzanne Wright.mobi
Assume the Positions - Mari Carr,millervillenas,ebooks,Adult,Mari Carr,Assume the Positions (10),Assume the Positions - Mari Carr.epub
Attachment Theory - Kayley Loring,millervillenas,ebooks,Adult,Kayley Loring,Attachment Theory (878),Attachment Theory - Kayley Loring.epub
August_ Calendar Girl Book 8 - Audrey Carlan,millervillenas,ebooks,Adult,Audrey Carlan,August_ Calendar Girl Book 8 (269),August_ Calendar Girl Book 8 - Audrey Carlan.epub
Autumn Night Whiskey (Tequila R - Willow Winters,millervillenas,ebooks,Adult,Willow Winters,Autumn Night Whiskey (Tequila Rose (835),Autumn Night Whiskey (Tequila R - Willow Winters.mobi
Awakening - Kitty Thomas,millervillenas,ebooks,Adult,Kitty Thomas,Awakening (527),Awakening - Kitty Thomas.epub
Awakening the Giants Boxed Set_ - Alex Morgenstern,millervillenas,ebooks,Adult,Alex Morgenstern,Awakening the Giants Boxed Set_ An (1552),Awakening the Giants Boxed Set_ - Alex Morgenstern.mobi
BAD APPLE_ The Complete Series - Kristina Weaver,millervillenas,ebooks,Adult,Kristina Weaver,BAD APPLE_ The Complete Series (Par (902),BAD APPLE_ The Complete Series - Kristina Weaver.epub
Baby Daddy - Lauren Landish,millervillenas,ebooks,Adult,Lauren Landish,Baby Daddy (903),Baby Daddy - Lauren Landish.epub
"Baby's Daddy_ An Enemies to Lov - Wright, Aubrey",millervillenas,ebooks,Adult,"Wright, Aubrey",Baby's Daddy_ An Enemies to Lovers (1056),"Baby's Daddy_ An Enemies to Lov - Wright, Aubrey.epub"
"Baby, Be Mine - Vivian Arend",millervillenas,ebooks,Adult,Vivian Arend,"Baby, Be Mine (390)","Baby, Be Mine - Vivian Arend.epub"
Back in the Game - Meghan Quinn,millervillenas,ebooks,Adult,Meghan Quinn,Back in the Game (1199),Back in the Game - Meghan Quinn.epub
Backstage Pass - Olivia Cunning,millervillenas,ebooks,Adult,Olivia Cunning,Backstage Pass (1603),Backstage Pass - Olivia Cunning.epub
Bad Boy Player_ A Brother's Bes - Kat T.Masen,millervillenas,ebooks,Adult,Kat T.Masen,Bad Boy Player_ A Brother's Best Fr (1001),Bad Boy Player_ A Brother's Bes - Kat T.Masen.mobi
Bad Boy Rich - Kat T.Masen,millervillenas,ebooks,Adult,Kat T.Masen,Bad Boy Rich (1000),Bad Boy Rich - Kat T.Masen.epub
Bad Teacher - Clarissa Wild,millervillenas,ebooks,Adult,Clarissa Wild,Bad Teacher (784),Bad Teacher - Clarissa Wild.epub
Bad Things Feel Best - Ivy Smoak,millervillenas,ebooks,Adult,Ivy Smoak,Bad Things Feel Best (1372),Bad Things Feel Best - Ivy Smoak.mobi
Bait & Switch (Alphas Undone #1 - Kendall Ryan,millervillenas,ebooks,Adult,Kendall Ryan,Bait & Switch (Alphas Undone #1) (302),Bait & Switch (Alphas Undone #1 - Kendall Ryan.epub
Baking Me Crazy - Karla Sorensen,millervillenas,ebooks,Adult,Karla Sorensen,Baking Me Crazy (955),Baking Me Crazy - Karla Sorensen.epub
Barbarian Beast Bitches of the - Carlton Mellick Iii,millervillenas,ebooks,Adult,Carlton Mellick Iii,Barbarian Beast Bitches of the Badl (157),Barbarian Beast Bitches of the - Carlton Mellick Iii.mobi
Bared to You - Sylvia Day,millervillenas,ebooks,Adult,Sylvia Day,Bared to You (189),Bared to You - Sylvia Day.mobi
Batter of Wits - Smartypants Romance,millervillenas,ebooks,Adult,Smartypants Romance,Batter of Wits (956),Batter of Wits - Smartypants Romance.mobi
"Be With Me - BANKS, MAYA",millervillenas,ebooks,Adult,"BANKS, MAYA",Be With Me (221),"Be With Me - BANKS, MAYA.mobi"
"Be with Me - Lynn, J_",millervillenas,ebooks,Adult,"Lynn, J_",Be with Me (808),"Be with Me - Lynn, J_.epub"
Beautiful Disaster_ A Novel - Jamie McGuire,millervillenas,ebooks,Adult,Jamie McGuire,Beautiful Disaster_ A Novel (568),Beautiful Disaster_ A Novel - Jamie McGuire.epub
Beauty and the Baller - Ilsa Madden-Mills,millervillenas,ebooks,Adult,Ilsa Madden-Mills,Beauty and the Baller (1150),Beauty and the Baller - Ilsa Madden-Mills.mobi
Beauty and the Bayou_ Boys of t - Erin Nicholas,millervillenas,ebooks,Adult,Erin Nicholas,Beauty and the Bayou_ Boys of the B (1026),Beauty and the Bayou_ Boys of t - Erin Nicholas.mobi
Beauty in Lingerie_ Lingerie #2 - Penelope Sky,millervillenas,ebooks,Adult,Penelope Sky,Beauty in Lingerie_ Lingerie #2 (704),Beauty in Lingerie_ Lingerie #2 - Penelope Sky.epub
Beauty of Sunset - Lynne Connolly,millervillenas,ebooks,Adult,Lynne Connolly,Beauty of Sunset (12),Beauty of Sunset - Lynne Connolly.epub
Beauty's Kingdom - A. N. Roquelaure,millervillenas,ebooks,Adult,A. N. Roquelaure,Beauty's Kingdom (1587),Beauty's Kingdom - A. N. Roquelaure.epub
Because I Can - Lisa Renee Jones,millervillenas,ebooks,Adult,Lisa Renee Jones,Because I Can (980),Because I Can - Lisa Renee Jones.epub
Becoming Us_ The London Lover S - Amy Daws,millervillenas,ebooks,Adult,Amy Daws,Becoming Us_ The London Lover Serie (928),Becoming Us_ The London Lover S - Amy Daws.mobi
Beef Cake - Smartypants Romance,millervillenas,ebooks,Adult,Smartypants Romance,Beef Cake (957),Beef Cake - Smartypants Romance.epub
Before (After #5) - Anna Todd,millervillenas,ebooks,Adult,Anna Todd,Before (After #5) (779),Before (After #5) - Anna Todd.mobi
Before Ben (Wilde Ways Book 3) - Cynthia Eden,millervillenas,ebooks,Adult,Cynthia Eden,Before Ben (Wilde Ways Book 3) (1198),Before Ben (Wilde Ways Book 3) - Cynthia Eden.epub
Before I Ever Met You - Karina Halle,millervillenas,ebooks,Adult,Karina Halle,Before I Ever Met You (559),Before I Ever Met You - Karina Halle.epub
Before Jamaica Lane - Samantha Young,millervillenas,ebooks,Adult,Samantha Young,Before Jamaica Lane (291),Before Jamaica Lane - Samantha Young.epub
Before Us - Jewel E. Ann,millervillenas,ebooks,Adult,Jewel E. Ann,Before Us (1476),Before Us - Jewel E. Ann.mobi
Before We Were Yours - Lisa Wingate,millervillenas,ebooks,Adult,Lisa Wingate,Before We Were Yours (1159),Before We Were Yours - Lisa Wingate.mobi
Before the Storm - Diane Chamberlain,millervillenas,ebooks,Adult,Diane Chamberlain,Before the Storm (1320),Before the Storm - Diane Chamberlain.epub
Behind Her Eyes - Sarah Pinborough,millervillenas,ebooks,Adult,Sarah Pinborough,Behind Her Eyes (1520),Behind Her Eyes - Sarah Pinborough.mobi
Belong to Me 5 - Shayla Black,millervillenas,ebooks,Adult,Shayla Black,Belong to Me 5 (1405),Belong to Me 5 - Shayla Black.epub
Belonging_ Book Two in The Ever - Drew Sera,millervillenas,ebooks,Adult,Drew Sera,Belonging_ Book Two in The Everett (606),Belonging_ Book Two in The Ever - Drew Sera.epub
Beloved Vampire - Joey W. Hill,millervillenas,ebooks,Adult,Joey W. Hill,Beloved Vampire (380),Beloved Vampire - Joey W. Hill.epub
"Beloved Vampire, Book 4 - Joey W. Hill",millervillenas,ebooks,Adult,Joey W. Hill,"Beloved Vampire, Book 4 (43)","Beloved Vampire, Book 4 - Joey W. Hill.mobi"
Beneath This Man - Jodi Ellen Malpas,millervillenas,ebooks,Adult,Jodi Ellen Malpas,Beneath This Man (1608),Beneath This Man - Jodi Ellen Malpas.mobi
Best Year Ever - Ivy Smoak,millervillenas,ebooks,Adult,Ivy Smoak,Best Year Ever (826),Best Year Ever - Ivy Smoak.mobi
Betrayal (2012) - Danielle Steel,millervillenas,ebooks,Adult,Danielle Steel,Betrayal (2012) (379),Betrayal (2012) - Danielle Steel.mobi
Betrayal - Aleatha Romig,millervillenas,ebooks,Adult,Aleatha Romig,Betrayal (397),Betrayal - Aleatha Romig.epub
Betrayal - Danielle Steel,millervillenas,ebooks,Adult,Danielle Steel,Betrayal (75),Betrayal - Danielle Steel.epub
Better When It Hurts - Skye Warren,millervillenas,ebooks,Adult,Skye Warren,Better When It Hurts (552),Better When It Hurts - Skye Warren.epub
Between Never and Forever - Shain Rose,millervillenas,ebooks,Adult,Shain Rose,Between Never and Forever (1516),Between Never and Forever - Shain Rose.mobi
Big Girl_ A Novel - Danielle Steel,millervillenas,ebooks,Adult,Danielle Steel,Big Girl_ A Novel (120),Big Girl_ A Novel - Danielle Steel.mobi
Big Rock - Lauren Blakely,millervillenas,ebooks,Adult,Lauren Blakely,Big Rock (1111),Big Rock - Lauren Blakely.epub
Big Shot - Carly Phillips,millervillenas,ebooks,Adult,Carly Phillips,Big Shot (1065),Big Shot - Carly Phillips.mobi
Big Sky - Kitty Thomas,millervillenas,ebooks,Adult,Kitty Thomas,Big Sky (525),Big Sky - Kitty Thomas.epub
Billionaire's Pet - Christa Wick,millervillenas,ebooks,Adult,Christa Wick,Billionaire's Pet (149),Billionaire's Pet - Christa Wick.mobi
"Billionaire's Pet 2 (BDSM, Domi - Wick, Christa",millervillenas,ebooks,Adult,"Wick, Christa","Billionaire's Pet 2 (BDSM, Dominati (154)","Billionaire's Pet 2 (BDSM, Domi - Wick, Christa.mobi"
Billionaire's Pet 3 - Christa Wick,millervillenas,ebooks,Adult,Christa Wick,Billionaire's Pet 3 (151),Billionaire's Pet 3 - Christa Wick.epub
Binding 13_ Boys of Tommen #1 - Chloe Walsh,millervillenas,ebooks,Adult,Chloe Walsh,Binding 13_ Boys of Tommen #1 (1550),Binding 13_ Boys of Tommen #1 - Chloe Walsh.mobi
Birthday Girl - Penelope Douglas,millervillenas,ebooks,Adult,Penelope Douglas,Birthday Girl (1421),Birthday Girl - Penelope Douglas.mobi
Bitter Sweet Heart - H. Hunting,millervillenas,ebooks,Adult,H. Hunting,Bitter Sweet Heart (1381),Bitter Sweet Heart - H. Hunting.mobi
Bittersweet - Danielle Steel,millervillenas,ebooks,Adult,Danielle Steel,Bittersweet (119),Bittersweet - Danielle Steel.mobi
Bittersweet Memories (Off-Limit - Catharina Maura,millervillenas,ebooks,Adult,Catharina Maura,Bittersweet Memories (Off-Limits) (1141),Bittersweet Memories (Off-Limit - Catharina Maura.mobi
Black Demands Book2 - C. J. Thomas,millervillenas,ebooks,Adult,C. J. Thomas,Black Demands Book2 (479),Black Demands Book2 - C. J. Thomas.epub
Black Desire Book1 - C. J. Thomas,millervillenas,ebooks,Adult,C. J. Thomas,Black Desire Book1 (477),Black Desire Book1 - C. J. Thomas.epub
Black Obsession (A Kelly Black - C. J. Thomas,millervillenas,ebooks,Adult,C. J. Thomas,Black Obsession (A Kelly Black Affa (478),Black Obsession (A Kelly Black - C. J. Thomas.epub
Blaire Dark Romance - Anita Gray,millervillenas,ebooks,Adult,Anita Gray,Blaire Dark Romance (543),Blaire Dark Romance - Anita Gray.epub
Blaze_ The Dark in You [Book 2] - Suzanne Wright,millervillenas,ebooks,Adult,Suzanne Wright,Blaze_ The Dark in You [Book 2] (737),Blaze_ The Dark in You [Book 2] - Suzanne Wright.mobi
Blind Side_ A Fake Dating Sport - Kandi Steiner,millervillenas,ebooks,Adult,Kandi Steiner,Blind Side_ A Fake Dating Sports Ro (1295),Blind Side_ A Fake Dating Sport - Kandi Steiner.mobi
Blindfold_ The Complete Series - M. S. Parker,millervillenas,ebooks,Adult,M. S. Parker,Blindfold_ The Complete Series Box (667),Blindfold_ The Complete Series - M. S. Parker.mobi
Blindsided (Moo U #1) - Victoria Denault,millervillenas,ebooks,Adult,Victoria Denault,Blindsided (Moo U #1) (1357),Blindsided (Moo U #1) - Victoria Denault.mobi
Blindsided_ A Best Friends to L - Amy Daws,millervillenas,ebooks,Adult,Amy Daws,Blindsided_ A Best Friends to Lover (940),Blindsided_ A Best Friends to L - Amy Daws.epub
Blissed (Misfit Brides #1) - Jamie Farrell,millervillenas,ebooks,Adult,Jamie Farrell,Blissed (Misfit Brides #1) (1279),Blissed (Misfit Brides #1) - Jamie Farrell.epub
Blocked_ A Breakaway Novel - L. P. Dover,millervillenas,ebooks,Adult,L. P. Dover,Blocked_ A Breakaway Novel (655),Blocked_ A Breakaway Novel - L. P. Dover.epub
Blood Challenge - Eileen Wilks,millervillenas,ebooks,Adult,Eileen Wilks,Blood Challenge (460),Blood Challenge - Eileen Wilks.epub
Blood Lines - Eileen Wilks,millervillenas,ebooks,Adult,Eileen Wilks,Blood Lines (454),Blood Lines - Eileen Wilks.epub
Blood Magic - Eileen Wilks,millervillenas,ebooks,Adult,Eileen Wilks,Blood Magic (459),Blood Magic - Eileen Wilks.epub
Board Resolution - Joey W. Hill,millervillenas,ebooks,Adult,Joey W. Hill,Board Resolution (545),Board Resolution - Joey W. Hill.epub
Bombshells - Sarina Bowen,millervillenas,ebooks,Adult,Sarina Bowen,Bombshells (1337),Bombshells - Sarina Bowen.epub
Borne - Jeff VanderMeer,millervillenas,ebooks,Adult,Jeff VanderMeer,Borne (561),Borne - Jeff VanderMeer.epub
Borrowed Billionaire - Mimi Strong,millervillenas,ebooks,Adult,Mimi Strong,Borrowed Billionaire (197),Borrowed Billionaire - Mimi Strong.epub
Borrowed Ember - Samantha Young,millervillenas,ebooks,Adult,Samantha Young,Borrowed Ember (628),Borrowed Ember - Samantha Young.mobi
Bound by the Vampire Queen - Joey W. Hill,millervillenas,ebooks,Adult,Joey W. Hill,Bound by the Vampire Queen (378),Bound by the Vampire Queen - Joey W. Hill.mobi
"Bound by the Vampire Queen, Boo - Joey W. Hill",millervillenas,ebooks,Adult,Joey W. Hill,"Bound by the Vampire Queen, Book 8 (44)","Bound by the Vampire Queen, Boo - Joey W. Hill.mobi"
Bountiful - Sarina Bowen,millervillenas,ebooks,Adult,Sarina Bowen,Bountiful (1342),Bountiful - Sarina Bowen.mobi
Bourbon Bliss (Bootleg Springs - Claire Kingsley,millervillenas,ebooks,Adult,Claire Kingsley,Bourbon Bliss (Bootleg Springs Book (1542),Bourbon Bliss (Bootleg Springs - Claire Kingsley.mobi
Bourbon Deceit (The Jett Girl S - Meghan Quinn,millervillenas,ebooks,Adult,Meghan Quinn,Bourbon Deceit (The Jett Girl Serie (1171),Bourbon Deceit (The Jett Girl S - Meghan Quinn.epub
Bourbon Kingdom (The Jett Girl - Meghan Quinn,millervillenas,ebooks,Adult,Meghan Quinn,Bourbon Kingdom (The Jett Girl Seri (1170),Bourbon Kingdom (The Jett Girl - Meghan Quinn.epub
Bourbon Sins (The Bourbon Serie - Meghan Quinn,millervillenas,ebooks,Adult,Meghan Quinn,Bourbon Sins (The Bourbon Series Bo (1169),Bourbon Sins (The Bourbon Serie - Meghan Quinn.mobi
Bourbon Truths (The Jett Girl S - Meghan Quinn,millervillenas,ebooks,Adult,Meghan Quinn,Bourbon Truths (The Jett Girl Serie (1168),Bourbon Truths (The Jett Girl S - Meghan Quinn.mobi
Boyfriend - Sarina Bowen,millervillenas,ebooks,Adult,Sarina Bowen,Boyfriend (1360),Boyfriend - Sarina Bowen.mobi
Boyfriend Bargain - Ilsa Madden-Mills,millervillenas,ebooks,Adult,Ilsa Madden-Mills,Boyfriend Bargain (1138),Boyfriend Bargain - Ilsa Madden-Mills.mobi
Boyfriend Material - Alexis Hall,millervillenas,ebooks,Adult,Alexis Hall,Boyfriend Material (1137),Boyfriend Material - Alexis Hall.epub
Boyfriend Material_ An Enemies - Ilsa Madden-Mills,millervillenas,ebooks,Adult,Ilsa Madden-Mills,Boyfriend Material_ An Enemies to L (1139),Boyfriend Material_ An Enemies - Ilsa Madden-Mills.mobi
Boyfriend_ A Moo U Hockey Roman - Sarina Bowen,millervillenas,ebooks,Adult,Sarina Bowen,Boyfriend_ A Moo U Hockey Romance (1354),Boyfriend_ A Moo U Hockey Roman - Sarina Bowen.mobi
Boys of the Bayou Gone Wild 04 - Erin Nicholas,millervillenas,ebooks,Adult,Erin Nicholas,Boys of the Bayou Gone Wild 04 - Se (1021),Boys of the Bayou Gone Wild 04 - Erin Nicholas.epub
"Branded Sanctuary (Nature of De - Hill, Joey W_",millervillenas,ebooks,Adult,"Hill, Joey W_",Branded Sanctuary (Nature of Desire (278),"Branded Sanctuary (Nature of De - Hill, Joey W_.mobi"
Brawn - Laurann Dohner,millervillenas,ebooks,Adult,Laurann Dohner,Brawn (570),Brawn - Laurann Dohner.epub
"Brazen.01.Brazen2008 - BANKS, MAYA",millervillenas,ebooks,Adult,"BANKS, MAYA",Brazen.01.Brazen2008 (227),"Brazen.01.Brazen2008 - BANKS, MAYA.epub"
Breaking Free - Cherise Sinclair,millervillenas,ebooks,Adult,Cherise Sinclair,Breaking Free (429),Breaking Free - Cherise Sinclair.epub
Breaking the Rules (A Sinner an - Lucy Score,millervillenas,ebooks,Adult,Lucy Score,Breaking the Rules (A Sinner and Sa (1532),Breaking the Rules (A Sinner an - Lucy Score.mobi
Breaking the Rules - Katie McGarry,millervillenas,ebooks,Adult,Katie McGarry,Breaking the Rules (434),Breaking the Rules - Katie McGarry.epub
Breathing 02 - Barely Breathing - Rebecca Donovan,millervillenas,ebooks,Adult,Rebecca Donovan,Breathing 02 - Barely Breathing (508),Breathing 02 - Barely Breathing - Rebecca Donovan.epub
Breathless (Merciless Book 3) - Willow Winters,millervillenas,ebooks,Adult,Willow Winters,Breathless (Merciless Book 3) (644),Breathless (Merciless Book 3) - Willow Winters.mobi
"Breathless Trilogy - BANKS, MAYA",millervillenas,ebooks,Adult,"BANKS, MAYA",Breathless Trilogy (232),"Breathless Trilogy - BANKS, MAYA.epub"
Brighter Than the Sun_ A Reyes - Darynda Jones,millervillenas,ebooks,Adult,Darynda Jones,Brighter Than the Sun_ A Reyes Alex (467),Brighter Than the Sun_ A Reyes - Darynda Jones.epub
Broken - Megan Hart,millervillenas,ebooks,Adult,Megan Hart,Broken (60),Broken - Megan Hart.epub
"Broken Hero - Wright, Aubrey",millervillenas,ebooks,Adult,"Wright, Aubrey",Broken Hero (1052),"Broken Hero - Wright, Aubrey.epub"
Broken_ A Dark Romance - Willow Winters,millervillenas,ebooks,Adult,Willow Winters,Broken_ A Dark Romance (836),Broken_ A Dark Romance - Willow Winters.mobi
"Brooklynaire - Bowen, Sarina",millervillenas,ebooks,Adult,"Bowen, Sarina",Brooklynaire (1335),"Brooklynaire - Bowen, Sarina.epub"
Bully - Penelope Douglas,millervillenas,ebooks,Adult,Penelope Douglas,Bully (1460),Bully - Penelope Douglas.mobi
Bungalow 2 - Danielle Steel,millervillenas,ebooks,Adult,Danielle Steel,Bungalow 2 (118),Bungalow 2 - Danielle Steel.mobi
Burn (Breathless #3) - Maya Banks,millervillenas,ebooks,Adult,Maya Banks,Burn (Breathless #3) (1391),Burn (Breathless #3) - Maya Banks.epub
Burn_ The Dark in You [Book 1] - Suzanne Wright,millervillenas,ebooks,Adult,Suzanne Wright,Burn_ The Dark in You [Book 1] (727),Burn_ The Dark in You [Book 1] - Suzanne Wright.mobi
But I Need You (This Love Hurts - Willow Winters,millervillenas,ebooks,Adult,Willow Winters,But I Need You (This Love Hurts Boo (718),But I Need You (This Love Hurts - Willow Winters.epub
By Your Side - Karla Sorensen,millervillenas,ebooks,Adult,Karla Sorensen,By Your Side (946),By Your Side - Karla Sorensen.mobi
Calendar Girl 12 - December - Audrey Carlan,millervillenas,ebooks,Adult,Audrey Carlan,Calendar Girl 12 - December (377),Calendar Girl 12 - December - Audrey Carlan.mobi
"Calendar Girl_ November_ Book 1 - Carlan, Audrey",millervillenas,ebooks,Adult,"Carlan, Audrey",Calendar Girl_ November_ Book 11 (348),"Calendar Girl_ November_ Book 1 - Carlan, Audrey.mobi"
Calendar Girl_ October_ Book 10 - Audrey Carlan,millervillenas,ebooks,Adult,Audrey Carlan,Calendar Girl_ October_ Book 10 (351),Calendar Girl_ October_ Book 10 - Audrey Carlan.epub
Call Me Crazy - Melanie Harlow,millervillenas,ebooks,Adult,Melanie Harlow,Call Me Crazy (1038),Call Me Crazy - Melanie Harlow.mobi
Call On Me - Roni Loren,millervillenas,ebooks,Adult,Roni Loren,Call On Me (435),Call On Me - Roni Loren.mobi
Cam's Holiday - Ciana Stone,millervillenas,ebooks,Adult,Ciana Stone,Cam's Holiday (17),Cam's Holiday - Ciana Stone.epub
Camera Shy - Kay Cove,millervillenas,ebooks,Adult,Kay Cove,Camera Shy (1424),Camera Shy - Kay Cove.mobi
Captivated - Megan Hart,millervillenas,ebooks,Adult,Megan Hart,Captivated (376),Captivated - Megan Hart.epub
Captivated by You (Crossfire #4 - Sylvia Day,millervillenas,ebooks,Adult,Sylvia Day,Captivated by You (Crossfire #4) (375),Captivated by You (Crossfire #4 - Sylvia Day.mobi
Captivated by You_ A Crossfire - Sylvia Day,millervillenas,ebooks,Adult,Sylvia Day,Captivated by You_ A Crossfire Nove (187),Captivated by You_ A Crossfire - Sylvia Day.epub
Captive in the Dark - C. J. Roberts,millervillenas,ebooks,Adult,C. J. Roberts,Captive in the Dark (598),Captive in the Dark - C. J. Roberts.epub
Carlton Mellick III - Razor Wire Pubic Hair,millervillenas,ebooks,Adult,Razor Wire Pubic Hair,Carlton Mellick III (160),Carlton Mellick III - Razor Wire Pubic Hair.mobi
Carrots_ A Shelby Nichols Adven - Colleen Helme,millervillenas,ebooks,Adult,Colleen Helme,Carrots_ A Shelby Nichols Adventure (620),Carrots_ A Shelby Nichols Adven - Colleen Helme.epub
Carved in Ice - Ivy Smoak,millervillenas,ebooks,Adult,Ivy Smoak,Carved in Ice (777),Carved in Ice - Ivy Smoak.mobi
Cast Long Shadows (Ghosts of th - Cassandra Clare,millervillenas,ebooks,Adult,Cassandra Clare,Cast Long Shadows (Ghosts of the Sh (732),Cast Long Shadows (Ghosts of th - Cassandra Clare.epub
Castle Hill - Samantha Young,millervillenas,ebooks,Adult,Samantha Young,Castle Hill (288),Castle Hill - Samantha Young.epub
Catching Summer - L. P. Dover,millervillenas,ebooks,Adult,L. P. Dover,Catching Summer (660),Catching Summer - L. P. Dover.epub
"Caught Looking (Hot-Lanta Serie - Quinn, Meghan",millervillenas,ebooks,Adult,"Quinn, Meghan",Caught Looking (Hot-Lanta Series) (1197),"Caught Looking (Hot-Lanta Serie - Quinn, Meghan.mobi"
Caught Up In You - Roni Loren,millervillenas,ebooks,Adult,Roni Loren,Caught Up In You (441),Caught Up In You - Roni Loren.epub
Center Ice (Boston Rebels Book - Julia Connors,millervillenas,ebooks,Adult,Julia Connors,Center Ice (Boston Rebels Book 1) (1467),Center Ice (Boston Rebels Book - Julia Connors.epub
Challenge - Amy Daws,millervillenas,ebooks,Adult,Amy Daws,Challenge (927),Challenge - Amy Daws.epub
Champagne Brunch_ The Stiletto - Ainsley St Claire,millervillenas,ebooks,Adult,Ainsley St Claire,Champagne Brunch_ The Stiletto Sist (1078),Champagne Brunch_ The Stiletto - Ainsley St Claire.mobi
Change in Strategy_ An Office R - Sierra Hill,millervillenas,ebooks,Adult,Sierra Hill,Change in Strategy_ An Office Roman (1167),Change in Strategy_ An Office R - Sierra Hill.mobi
Change of Course_ A MM Professo - Sierra Hill,millervillenas,ebooks,Adult,Sierra Hill,Change of Course_ A MM Professor_St (1165),Change of Course_ A MM Professo - Sierra Hill.mobi
Change of Hart - M.E. Carter,millervillenas,ebooks,Adult,M.E. Carter,Change of Hart (1242),Change of Hart - M.E. Carter.epub
Changes - Danielle Steel,millervillenas,ebooks,Adult,Danielle Steel,Changes (109),Changes - Danielle Steel.epub
Chasing Fate - Kat T. Masen,millervillenas,ebooks,Adult,Kat T. Masen,Chasing Fate (883),Chasing Fate - Kat T. Masen.epub
Chasing Her - Kat T. Masen,millervillenas,ebooks,Adult,Kat T. Masen,Chasing Her (882),Chasing Her - Kat T. Masen.mobi
Chasing Him - Kat T. Masen,millervillenas,ebooks,Adult,Kat T. Masen,Chasing Him (881),Chasing Him - Kat T. Masen.mobi
Chasing Love - Kat T. Masen,millervillenas,ebooks,Adult,Kat T. Masen,Chasing Love (886),Chasing Love - Kat T. Masen.epub
Chasing Us - Kat T. Masen,millervillenas,ebooks,Adult,Kat T. Masen,Chasing Us (885),Chasing Us - Kat T. Masen.mobi
Cherished - Lexi Buchanan,millervillenas,ebooks,Adult,Lexi Buchanan,Cherished (917),Cherished - Lexi Buchanan.epub
City of Sin (Men of Manhattan B - Ivy Smoak,millervillenas,ebooks,Adult,Ivy Smoak,City of Sin (Men of Manhattan Book (814),City of Sin (Men of Manhattan B - Ivy Smoak.epub
Claim - Sienna Snow,millervillenas,ebooks,Adult,Sienna Snow,Claim (1494),Claim - Sienna Snow.mobi
Claiming Addison_ 69 Bottles #1 - Zoey Derrick,millervillenas,ebooks,Adult,Zoey Derrick,Claiming Addison_ 69 Bottles #1 (236),Claiming Addison_ 69 Bottles #1 - Zoey Derrick.epub
Club Prive Book 4 - M. S. Parker,millervillenas,ebooks,Adult,M. S. Parker,Club Prive Book 4 (1084),Club Prive Book 4 - M. S. Parker.mobi
Club Prive Book V - M. S. Parker,millervillenas,ebooks,Adult,M. S. Parker,Club Prive Book V (1083),Club Prive Book V - M. S. Parker.mobi
Club Prive Complete Series Box - M. S. Parker,millervillenas,ebooks,Adult,M. S. Parker,Club Prive Complete Series Box Set_ (663),Club Prive Complete Series Box - M. S. Parker.epub
Club Prive_ Collide Vol. 1 - M. S. Parker,millervillenas,ebooks,Adult,M. S. Parker,Club Prive_ Collide Vol. 1 (1046),Club Prive_ Collide Vol. 1 - M. S. Parker.mobi
Club Shadowlands - Cherise Sinclair,millervillenas,ebooks,Adult,Cherise Sinclair,Club Shadowlands (421),Club Shadowlands - Cherise Sinclair.mobi
Club Shadowlands_ Masters of th - Cherise Sinclair,millervillenas,ebooks,Adult,Cherise Sinclair,Club Shadowlands_ Masters of the Sh (418),Club Shadowlands_ Masters of th - Cherise Sinclair.epub
Co-WRECKER - Meghan Quinn,millervillenas,ebooks,Adult,Meghan Quinn,Co-WRECKER (1211),Co-WRECKER - Meghan Quinn.mobi
Coast Road - Barbara Delinsky,millervillenas,ebooks,Adult,Barbara Delinsky,Coast Road (34),Coast Road - Barbara Delinsky.epub
Cockpit - K. Bromberg,millervillenas,ebooks,Adult,K. Bromberg,Cockpit (1309),Cockpit - K. Bromberg.mobi
Cocky Nerd - Kayley Loring,millervillenas,ebooks,Adult,Kayley Loring,Cocky Nerd (880),Cocky Nerd - Kayley Loring.mobi
Collide - Megan Hart,millervillenas,ebooks,Adult,Megan Hart,Collide (1013),Collide - Megan Hart.mobi
Collide Vol. 2 (Club Prive)_ Al - M. S. Parker,millervillenas,ebooks,Adult,M. S. Parker,Collide Vol. 2 (Club Prive)_ Alpha (1067),Collide Vol. 2 (Club Prive)_ Al - M. S. Parker.mobi
Collide Vol. 3 (Club Prive)_ Al - M. S. Parker,millervillenas,ebooks,Adult,M. S. Parker,Collide Vol. 3 (Club Prive)_ Alpha (1066),Collide Vol. 3 (Club Prive)_ Al - M. S. Parker.mobi
Collin - Sandi Lynn,millervillenas,ebooks,Adult,Sandi Lynn,Collin (677),Collin - Sandi Lynn.epub
Colters' Daughter - Maya Banks,millervillenas,ebooks,Adult,Maya Banks,Colters' Daughter (225),Colters' Daughter - Maya Banks.epub
Combust - K. Bromberg,millervillenas,ebooks,Adult,K. Bromberg,Combust (1307),Combust - K. Bromberg.mobi
Come Away With Me - Kristen Proby,millervillenas,ebooks,Adult,Kristen Proby,Come Away With Me (209),Come Away With Me - Kristen Proby.mobi
Come Closer - Brenda Rothert,millervillenas,ebooks,Adult,Brenda Rothert,Come Closer (541),Come Closer - Brenda Rothert.epub
Come Home - Lisa Scottoline,millervillenas,ebooks,Adult,Lisa Scottoline,Come Home (1325),Come Home - Lisa Scottoline.epub
"Comfort Food - Thomas, Kitty",millervillenas,ebooks,Adult,"Thomas, Kitty",Comfort Food (528),"Comfort Food - Thomas, Kitty.epub"
Coming Out - Danielle Steel,millervillenas,ebooks,Adult,Danielle Steel,Coming Out (117),Coming Out - Danielle Steel.epub
Commitments - Barbara Delinsky,millervillenas,ebooks,Adult,Barbara Delinsky,Commitments (23),Commitments - Barbara Delinsky.epub
Complete Submission_ (The Submi - C.D. Reiss,millervillenas,ebooks,Adult,C.D. Reiss,Complete Submission_ (The Submissio (590),Complete Submission_ (The Submi - C.D. Reiss.epub
Completely Yours (Opposites Att - Erin Nicholas,millervillenas,ebooks,Adult,Erin Nicholas,Completely Yours (Opposites Attract (1018),Completely Yours (Opposites Att - Erin Nicholas.epub
Conclave - Penelope Douglas,millervillenas,ebooks,Adult,Penelope Douglas,Conclave (1432),Conclave - Penelope Douglas.mobi
Consumed by Deception_ A Dark M - Rina Kent,millervillenas,ebooks,Adult,Rina Kent,Consumed by Deception_ A Dark Marri (847),Consumed by Deception_ A Dark M - Rina Kent.epub
Control_ An Everyday Heroes Nov - K. Bromberg,millervillenas,ebooks,Adult,K. Bromberg,Control_ An Everyday Heroes Novella (1311),Control_ An Everyday Heroes Nov - K. Bromberg.mobi
Convicted - Megan Hart,millervillenas,ebooks,Adult,Megan Hart,Convicted (59),Convicted - Megan Hart.mobi
Copping a Feel - Lexxie Couper,millervillenas,ebooks,Adult,Lexxie Couper,Copping a Feel (14),Copping a Feel - Lexxie Couper.mobi
Cover - Unknown,millervillenas,ebooks,Adult,Unknown,Cover (514),Cover - Unknown.epub
Covet (Crave) - Tracy Wolff,millervillenas,ebooks,Adult,Tracy Wolff,Covet (Crave) (716),Covet (Crave) - Tracy Wolff.epub
Crab Town - Carlton Mellick Iii,millervillenas,ebooks,Adult,Carlton Mellick Iii,Crab Town (156),Crab Town - Carlton Mellick Iii.mobi
Crash Into You - Roni Loren,millervillenas,ebooks,Adult,Roni Loren,Crash Into You (446),Crash Into You - Roni Loren.epub
Crave - Tracy Wolff,millervillenas,ebooks,Adult,Tracy Wolff,Crave (715),Crave - Tracy Wolff.epub
Craving Talon - Zoey Derrick,millervillenas,ebooks,Adult,Zoey Derrick,Craving Talon (241),Craving Talon - Zoey Derrick.mobi
Crazy In Love_ A Standalone Chr - Ivy Smoak,millervillenas,ebooks,Adult,Ivy Smoak,Crazy In Love_ A Standalone Christm (821),Crazy In Love_ A Standalone Chr - Ivy Smoak.mobi
Crazy Rich Cajuns_ Boys of the - Erin Nicholas,millervillenas,ebooks,Adult,Erin Nicholas,Crazy Rich Cajuns_ Boys of the Bayo (1027),Crazy Rich Cajuns_ Boys of the - Erin Nicholas.epub
Credence - Penelope Douglas,millervillenas,ebooks,Adult,Penelope Douglas,Credence (1423),Credence - Penelope Douglas.epub
Crossing Danger_ A Shelby Nicho - Colleen Helme,millervillenas,ebooks,Adult,Colleen Helme,Crossing Danger_ A Shelby Nichols A (619),Crossing Danger_ A Shelby Nicho - Colleen Helme.epub
Crossing the Line (A Sinner and - Lucy Score,millervillenas,ebooks,Adult,Lucy Score,Crossing the Line (A Sinner and Sai (1533),Crossing the Line (A Sinner and - Lucy Score.epub
Crossings - Danielle Steel,millervillenas,ebooks,Adult,Danielle Steel,Crossings (116),Crossings - Danielle Steel.mobi
Cuffed (Everyday Heroes Book 1) - K. Bromberg,millervillenas,ebooks,Adult,K. Bromberg,Cuffed (Everyday Heroes Book 1) (1306),Cuffed (Everyday Heroes Book 1) - K. Bromberg.epub
Cunning (Infidelity #2) - Aleatha Romig,millervillenas,ebooks,Adult,Aleatha Romig,Cunning (Infidelity #2) (414),Cunning (Infidelity #2) - Aleatha Romig.epub
Cunning - Aleatha Romig,millervillenas,ebooks,Adult,Aleatha Romig,Cunning (394),Cunning - Aleatha Romig.mobi
"Cursed - Armentrout, Jennifer",millervillenas,ebooks,Adult,"Armentrout, Jennifer",Cursed (799),"Cursed - Armentrout, Jennifer.epub"
"Curve Charm (Paranormal BBW Ero - Wick, Christa",millervillenas,ebooks,Adult,"Wick, Christa",Curve Charm (Paranormal BBW Erotic (153),"Curve Charm (Paranormal BBW Ero - Wick, Christa.mobi"
Curve Contract - Christa Wick,millervillenas,ebooks,Adult,Christa Wick,Curve Contract (152),Curve Contract - Christa Wick.mobi
Curve Patrol (BBW Erotic Romanc - Christa Wick,millervillenas,ebooks,Adult,Christa Wick,Curve Patrol (BBW Erotic Romance) (374),Curve Patrol (BBW Erotic Romanc - Christa Wick.epub
Curve Patrol_ BBW Romance - Christa Wick,millervillenas,ebooks,Adult,Christa Wick,Curve Patrol_ BBW Romance (148),Curve Patrol_ BBW Romance - Christa Wick.epub
Curves for Two (BBW Erotic Roma - Christa Wick,millervillenas,ebooks,Adult,Christa Wick,Curves for Two (BBW Erotic Romance) (373),Curves for Two (BBW Erotic Roma - Christa Wick.mobi
Curves for Two - Christa Wick,millervillenas,ebooks,Adult,Christa Wick,Curves for Two (145),Curves for Two - Christa Wick.epub
Daddy - Danielle Steel,millervillenas,ebooks,Adult,Danielle Steel,Daddy (115),Daddy - Danielle Steel.mobi
Daddy's Immortal Virgin - Christa Wick,millervillenas,ebooks,Adult,Christa Wick,Daddy's Immortal Virgin (139),Daddy's Immortal Virgin - Christa Wick.mobi
Daimon - Jennifer L. Armentrout,millervillenas,ebooks,Adult,Jennifer L. Armentrout,Daimon (803),Daimon - Jennifer L. Armentrout.epub
Damaged Like Us (Like Us Series - Krista Ritchie,millervillenas,ebooks,Adult,Krista Ritchie,Damaged Like Us (Like Us Series Boo (452),Damaged Like Us (Like Us Series - Krista Ritchie.epub
Dark Citadel - Cherise Sinclair,millervillenas,ebooks,Adult,Cherise Sinclair,Dark Citadel (430),Dark Citadel - Cherise Sinclair.epub
Dark Secret - Marina Anderson,millervillenas,ebooks,Adult,Marina Anderson,Dark Secret (69),Dark Secret - Marina Anderson.epub
Dark Wild Night - Christina Lauren,millervillenas,ebooks,Adult,Christina Lauren,Dark Wild Night (249),Dark Wild Night - Christina Lauren.mobi
Darkness - Laurann Dohner,millervillenas,ebooks,Adult,Laurann Dohner,Darkness (573),Darkness - Laurann Dohner.epub
"Darkness, Kindled - Samantha Young",millervillenas,ebooks,Adult,Samantha Young,"Darkness, Kindled (629)","Darkness, Kindled - Samantha Young.epub"
Darkroom_ A Moo U Hockey Romanc - Kate Willoughby,millervillenas,ebooks,Adult,Kate Willoughby,Darkroom_ A Moo U Hockey Romance (1353),Darkroom_ A Moo U Hockey Romanc - Kate Willoughby.mobi
Date Night - Meghan Quinn,millervillenas,ebooks,Adult,Meghan Quinn,Date Night (1196),Date Night - Meghan Quinn.epub
Dating Game - Danielle Steel,millervillenas,ebooks,Adult,Danielle Steel,Dating Game (114),Dating Game - Danielle Steel.mobi
Daughter of Smoke and Bone - Laini Taylor,millervillenas,ebooks,Adult,Laini Taylor,Daughter of Smoke and Bone (757),Daughter of Smoke and Bone - Laini Taylor.mobi
Days of Blood & Starlight - Laini Taylor,millervillenas,ebooks,Adult,Laini Taylor,Days of Blood & Starlight (760),Days of Blood & Starlight - Laini Taylor.mobi
Dean (Face-Off Series Book 6) - Jillian Quinn,millervillenas,ebooks,Adult,Jillian Quinn,Dean (Face-Off Series Book 6) (1163),Dean (Face-Off Series Book 6) - Jillian Quinn.epub
"Death and the Girl Next Door - Jones, Darynda",millervillenas,ebooks,Adult,"Jones, Darynda",Death and the Girl Next Door (762),"Death and the Girl Next Door - Jones, Darynda.mobi"
"Death, Doom, and Detention - Darynda Jones",millervillenas,ebooks,Adult,Darynda Jones,"Death, Doom, and Detention (758)","Death, Doom, and Detention - Darynda Jones.epub"
"Death, and the Girl He Loves - Jones, Darynda",millervillenas,ebooks,Adult,"Jones, Darynda","Death, and the Girl He Loves (763)","Death, and the Girl He Loves - Jones, Darynda.epub"
Decadent - Shayla Black,millervillenas,ebooks,Adult,Shayla Black,Decadent (1409),Decadent - Shayla Black.epub
Deception (Infidelity Book 3) - Aleatha Romig,millervillenas,ebooks,Adult,Aleatha Romig,Deception (Infidelity Book 3) (413),Deception (Infidelity Book 3) - Aleatha Romig.epub
Deception - Aleatha Romig,millervillenas,ebooks,Adult,Aleatha Romig,Deception (395),Deception - Aleatha Romig.epub
Deep In Death_ A Shelby Nichols - Colleen Helme,millervillenas,ebooks,Adult,Colleen Helme,Deep In Death_ A Shelby Nichols Adv (616),Deep In Death_ A Shelby Nichols - Colleen Helme.epub
Deep_ Stage Dive (Book 4) - Kylie Scott,millervillenas,ebooks,Adult,Kylie Scott,Deep_ Stage Dive (Book 4) (1509),Deep_ Stage Dive (Book 4) - Kylie Scott.epub
Deeper - Megan Hart,millervillenas,ebooks,Adult,Megan Hart,Deeper (58),Deeper - Megan Hart.epub
Defy Me - Tahereh Mafi,millervillenas,ebooks,Adult,Tahereh Mafi,Defy Me (613),Defy Me - Tahereh Mafi.epub
"Deity (Covenant) - Armentrout, Jennifer L_",millervillenas,ebooks,Adult,"Armentrout, Jennifer L_",Deity (Covenant) (802),"Deity (Covenant) - Armentrout, Jennifer L_.epub"
Delicious 3 - Shayla Black,millervillenas,ebooks,Adult,Shayla Black,Delicious 3 (1403),Delicious 3 - Shayla Black.mobi
Delight - Lexi Buchanan,millervillenas,ebooks,Adult,Lexi Buchanan,Delight (895),Delight - Lexi Buchanan.mobi
Denim & Diamonds - Penelope Ward,millervillenas,ebooks,Adult,Penelope Ward,Denim & Diamonds (1627),Denim & Diamonds - Penelope Ward.epub
Derailed II - Nelle L'Amour,millervillenas,ebooks,Adult,Nelle L'Amour,Derailed II (36),Derailed II - Nelle L'Amour.epub
Desire in Lingerie_ Lingerie #7 - Penelope Sky,millervillenas,ebooks,Adult,Penelope Sky,Desire in Lingerie_ Lingerie #7 (697),Desire in Lingerie_ Lingerie #7 - Penelope Sky.epub
Desperate to Touch (Hard to Lov - Willow Winters,millervillenas,ebooks,Adult,Willow Winters,Desperate to Touch (Hard to Love Bo (710),Desperate to Touch (Hard to Lov - Willow Winters.epub
Destined to Feel - Indigo Bloome,millervillenas,ebooks,Adult,Indigo Bloome,Destined to Feel (415),Destined to Feel - Indigo Bloome.epub
Destined to Play - Indigo Bloome,millervillenas,ebooks,Adult,Indigo Bloome,Destined to Play (416),Destined to Play - Indigo Bloome.epub
Destroy Me - Tahereh Mafi,millervillenas,ebooks,Adult,Tahereh Mafi,Destroy Me (609),Destroy Me - Tahereh Mafi.epub
Devious Minds - Colleen Helme,millervillenas,ebooks,Adult,Colleen Helme,Devious Minds (621),Devious Minds - Colleen Helme.epub
Devoted to Love - Shayla Black,millervillenas,ebooks,Adult,Shayla Black,Devoted to Love (1440),Devoted to Love - Shayla Black.epub
Devoted to Pleasure - Shayla Black,millervillenas,ebooks,Adult,Shayla Black,Devoted to Pleasure (1437),Devoted to Pleasure - Shayla Black.mobi
Devoted to Wicked - Shayla Black,millervillenas,ebooks,Adult,Shayla Black,Devoted to Wicked (1441),Devoted to Wicked - Shayla Black.epub
Devotion - Ivy Smoak,millervillenas,ebooks,Adult,Ivy Smoak,Devotion (774),Devotion - Ivy Smoak.mobi
Devoured (Professor Hunter Book - Ivy Smoak,millervillenas,ebooks,Adult,Ivy Smoak,Devoured (Professor Hunter Book 2) (1436),Devoured (Professor Hunter Book - Ivy Smoak.epub
Devouring Raine - Zoey Derrick,millervillenas,ebooks,Adult,Zoey Derrick,Devouring Raine (242),Devouring Raine - Zoey Derrick.mobi
Diane Chamberlain - The Bay at Midnight,millervillenas,ebooks,Adult,The Bay at Midnight,Diane Chamberlain (1319),Diane Chamberlain - The Bay at Midnight.epub
Dirty (Dirty Nasty Freaks Book - Callie Hart,millervillenas,ebooks,Adult,Callie Hart,Dirty (Dirty Nasty Freaks Book 1) (983),Dirty (Dirty Nasty Freaks Book - Callie Hart.epub
Dirty - Megan Hart,millervillenas,ebooks,Adult,Megan Hart,Dirty (57),Dirty - Megan Hart.mobi
Dirty Deeds - Lauren Landish,millervillenas,ebooks,Adult,Lauren Landish,Dirty Deeds (872),Dirty Deeds - Lauren Landish.mobi
Dirty Dream - Lauren Landish,millervillenas,ebooks,Adult,Lauren Landish,Dirty Dream (870),Dirty Dream - Lauren Landish.mobi
Dirty English - Ilsa Madden-Mills,millervillenas,ebooks,Adult,Ilsa Madden-Mills,Dirty English (1151),Dirty English - Ilsa Madden-Mills.epub
Dirty For Me (Motor City Royals - Jackie Ashenden,millervillenas,ebooks,Adult,Jackie Ashenden,Dirty For Me (Motor City Royals) (301),Dirty For Me (Motor City Royals - Jackie Ashenden.epub
Dirty Laundry - Lauren Landish,millervillenas,ebooks,Adult,Lauren Landish,Dirty Laundry (867),Dirty Laundry - Lauren Landish.epub
Dirty Little Midlife Crisis_ A - Lilian Monroe,millervillenas,ebooks,Adult,Lilian Monroe,Dirty Little Midlife Crisis_ A Grum (993),Dirty Little Midlife Crisis_ A - Lilian Monroe.epub
"Dirty Little Midlife Crisis_ A - Monroe, Lilian",millervillenas,ebooks,Adult,"Monroe, Lilian",Dirty Little Midlife Crisis_ A Grum (1009),"Dirty Little Midlife Crisis_ A - Monroe, Lilian.epub"
"Dirty Little Midlife Debacle_ A - Monroe, Lilian",millervillenas,ebooks,Adult,"Monroe, Lilian",Dirty Little Midlife Debacle_ A Del (1008),"Dirty Little Midlife Debacle_ A - Monroe, Lilian.epub"
"Dirty Little Midlife Disaster_ - Monroe, Lilian",millervillenas,ebooks,Adult,"Monroe, Lilian",Dirty Little Midlife Disaster_ A Mo (1007),"Dirty Little Midlife Disaster_ - Monroe, Lilian.mobi"
"Dirty Little Midlife Mess_ A Fa - Monroe, Lilian",millervillenas,ebooks,Adult,"Monroe, Lilian",Dirty Little Midlife Mess_ A Fake R (1006),"Dirty Little Midlife Mess_ A Fa - Monroe, Lilian.mobi"
"Dirty Little Midlife Mistake_ A - Monroe, Lilian",millervillenas,ebooks,Adult,"Monroe, Lilian",Dirty Little Midlife Mistake_ A Hun (1004),"Dirty Little Midlife Mistake_ A - Monroe, Lilian.epub"
"Dirty Little Midlife Secret_ A - Monroe, Lilian",millervillenas,ebooks,Adult,"Monroe, Lilian",Dirty Little Midlife Secret_ A Late (1002),"Dirty Little Midlife Secret_ A - Monroe, Lilian.mobi"
Dirty Red - Tarryn Fisher,millervillenas,ebooks,Adult,Tarryn Fisher,Dirty Red (509),Dirty Red - Tarryn Fisher.epub
Dirty Rowdy Thing - Christina Lauren,millervillenas,ebooks,Adult,Christina Lauren,Dirty Rowdy Thing (248),Dirty Rowdy Thing - Christina Lauren.epub
"Dirty Secrets - Landish, Lauren",millervillenas,ebooks,Adult,"Landish, Lauren",Dirty Secrets (866),"Dirty Secrets - Landish, Lauren.mobi"
Dirty Talk - Lauren Landish,millervillenas,ebooks,Adult,Lauren Landish,Dirty Talk (868),Dirty Talk - Lauren Landish.epub
Dirty Truths (Boston Billionair - Brittanee Nicole,millervillenas,ebooks,Adult,Brittanee Nicole,Dirty Truths (Boston Billionaires B (1522),Dirty Truths (Boston Billionair - Brittanee Nicole.mobi
Dirty Ugly Toy - K Webster,millervillenas,ebooks,Adult,K Webster,Dirty Ugly Toy (709),Dirty Ugly Toy - K Webster.epub
"Discipline - Anderson, Marina",millervillenas,ebooks,Adult,"Anderson, Marina",Discipline (331),"Discipline - Anderson, Marina.epub"
Dom X - The Complete Box Set_ A - M. S. Parker,millervillenas,ebooks,Adult,M. S. Parker,Dom X - The Complete Box Set_ Alpha (673),Dom X - The Complete Box Set_ A - M. S. Parker.epub
Dominate - Amy Daws,millervillenas,ebooks,Adult,Amy Daws,Dominate (926),Dominate - Amy Daws.epub
"Don't Put That in There!_ And 6 - Dr. Carroll, Aaron E_",millervillenas,ebooks,Adult,"Dr. Carroll, Aaron E_",Don't Put That in There!_ And 69 Ot (218),"Don't Put That in There!_ And 6 - Dr. Carroll, Aaron E_.mobi"
Donovan (Face-Off Series Book 3 - Jillian Quinn,millervillenas,ebooks,Adult,Jillian Quinn,Donovan (Face-Off Series Book 3) (1162),Donovan (Face-Off Series Book 3 - Jillian Quinn.epub
Double Coverage - Meghan Quinn,millervillenas,ebooks,Adult,Meghan Quinn,Double Coverage (1215),Double Coverage - Meghan Quinn.mobi
Double Pucked_ A Roomies-to-Lov - Lauren Blakely,millervillenas,ebooks,Adult,Lauren Blakely,Double Pucked_ A Roomies-to-Lovers (1333),Double Pucked_ A Roomies-to-Lov - Lauren Blakely.epub
Double Time - Olivia Cunning,millervillenas,ebooks,Adult,Olivia Cunning,Double Time (1601),Double Time - Olivia Cunning.epub
"Douglas, Penelope - Corrupt - Penelope Douglas",millervillenas,ebooks,Adult,Penelope Douglas,"Douglas, Penelope - Corrupt (1433)","Douglas, Penelope - Corrupt - Penelope Douglas.mobi"
Down By Contact (Virginia Valle - Jessica Ruddick,millervillenas,ebooks,Adult,Jessica Ruddick,Down By Contact (Virginia Valley Un (1289),Down By Contact (Virginia Valle - Jessica Ruddick.mobi
Down London Road - Samantha Young,millervillenas,ebooks,Adult,Samantha Young,Down London Road (287),Down London Road - Samantha Young.epub
Down Shift - K. Bromberg,millervillenas,ebooks,Adult,K. Bromberg,Down Shift (1302),Down Shift - K. Bromberg.epub
Dr. Grant (Off-Limits) - Catharina Maura,millervillenas,ebooks,Adult,Catharina Maura,Dr. Grant (Off-Limits) (1136),Dr. Grant (Off-Limits) - Catharina Maura.epub
"Dream Lover_ A Lover Boys Novel - Wright, Aubrey",millervillenas,ebooks,Adult,"Wright, Aubrey",Dream Lover_ A Lover Boys Novel (1051),"Dream Lover_ A Lover Boys Novel - Wright, Aubrey.epub"
Dreams of Gods & Monsters - Laini Taylor,millervillenas,ebooks,Adult,Laini Taylor,Dreams of Gods & Monsters (761),Dreams of Gods & Monsters - Laini Taylor.epub
Drilled - Regina Carlysle,millervillenas,ebooks,Adult,Regina Carlysle,Drilled (4),Drilled - Regina Carlysle.mobi
Drive Me Wild - Melanie Harlow,millervillenas,ebooks,Adult,Melanie Harlow,Drive Me Wild (1039),Drive Me Wild - Melanie Harlow.mobi
Driven - Jayne Rylon,millervillenas,ebooks,Adult,Jayne Rylon,Driven (9),Driven - Jayne Rylon.epub
Dropout - Carrie Ann Ryan,millervillenas,ebooks,Adult,Carrie Ann Ryan,Dropout (451),Dropout - Carrie Ann Ryan.epub
Dungeon Games - Lexi Blake,millervillenas,ebooks,Adult,Lexi Blake,Dungeon Games (257),Dungeon Games - Lexi Blake.mobi
Dungeon_Royale - Lexi_Blake,millervillenas,ebooks,Adult,Lexi_Blake,Dungeon_Royale (260),Dungeon_Royale - Lexi_Blake.epub
EROTIC SEX STORIES - TITTIES,millervillenas,ebooks,Adult,TITTIES,EROTIC SEX STORIES (235),EROTIC SEX STORIES - TITTIES.mobi
Earn Your Extra Credit - Meghan Quinn,millervillenas,ebooks,Adult,Meghan Quinn,Earn Your Extra Credit (1179),Earn Your Extra Credit - Meghan Quinn.epub
Easy to Fall (Hard to Love Book - Willow Winters,millervillenas,ebooks,Adult,Willow Winters,Easy to Fall (Hard to Love Book 4) (708),Easy to Fall (Hard to Love Book - Willow Winters.epub
Echoes - Danielle Steel,millervillenas,ebooks,Adult,Danielle Steel,Echoes (113),Echoes - Danielle Steel.mobi
Echoes of Scotland Street - Samantha Young,millervillenas,ebooks,Adult,Samantha Young,Echoes of Scotland Street (637),Echoes of Scotland Street - Samantha Young.epub
Echoes of Scotland Street_ An o - Samantha Young,millervillenas,ebooks,Adult,Samantha Young,Echoes of Scotland Street_ An on Du (286),Echoes of Scotland Street_ An o - Samantha Young.epub
Effortless - S. C. Stephens,millervillenas,ebooks,Adult,S. C. Stephens,Effortless (391),Effortless - S. C. Stephens.epub
Eighth Grave After Dark_ A Nove - Darynda Jones,millervillenas,ebooks,Adult,Darynda Jones,Eighth Grave After Dark_ A Novel (468),Eighth Grave After Dark_ A Nove - Darynda Jones.mobi
Elect - Rachel Van Dyken,millervillenas,ebooks,Adult,Rachel Van Dyken,Elect (500),Elect - Rachel Van Dyken.epub
Eleventh Grave in Moonlight - Darynda Jones,millervillenas,ebooks,Adult,Darynda Jones,Eleventh Grave in Moonlight (768),Eleventh Grave in Moonlight - Darynda Jones.mobi
Elicit - Rachel Van Dyken,millervillenas,ebooks,Adult,Rachel Van Dyken,Elicit (499),Elicit - Rachel Van Dyken.epub
Elite (Eagle Elite) - Rachel Van Dyken,millervillenas,ebooks,Adult,Rachel Van Dyken,Elite (Eagle Elite) (501),Elite (Eagle Elite) - Rachel Van Dyken.epub
Elixir - Jennifer L. Armentrout,millervillenas,ebooks,Adult,Jennifer L. Armentrout,Elixir (801),Elixir - Jennifer L. Armentrout.epub
Elude - Rachel Van Dyken,millervillenas,ebooks,Adult,Rachel Van Dyken,Elude (498),Elude - Rachel Van Dyken.epub
Ember - Rachel Van Dyken,millervillenas,ebooks,Adult,Rachel Van Dyken,Ember (496),Ember - Rachel Van Dyken.epub
Embers_ The Dark in You [Book 4 - Suzanne Wright,millervillenas,ebooks,Adult,Suzanne Wright,Embers_ The Dark in You [Book 4] (725),Embers_ The Dark in You [Book 4 - Suzanne Wright.mobi
Emergency Plan F - Ivy Smoak,millervillenas,ebooks,Adult,Ivy Smoak,Emergency Plan F (1011),Emergency Plan F - Ivy Smoak.epub
Empire (Eagle Elite Book 7) - Rachel Van Dyken,millervillenas,ebooks,Adult,Rachel Van Dyken,Empire (Eagle Elite Book 7) (495),Empire (Eagle Elite Book 7) - Rachel Van Dyken.epub
Empire High Betrayal - Ivy Smoak,millervillenas,ebooks,Adult,Ivy Smoak,Empire High Betrayal (795),Empire High Betrayal - Ivy Smoak.mobi
Empire High Elite - Ivy Smoak,millervillenas,ebooks,Adult,Ivy Smoak,Empire High Elite (818),Empire High Elite - Ivy Smoak.mobi
Empire High Untouchables - Ivy Smoak,millervillenas,ebooks,Adult,Ivy Smoak,Empire High Untouchables (816),Empire High Untouchables - Ivy Smoak.epub
Empress in Lingerie_ Lingerie # - Penelope Sky,millervillenas,ebooks,Adult,Penelope Sky,Empress in Lingerie_ Lingerie #5 (701),Empress in Lingerie_ Lingerie # - Penelope Sky.epub
Enamor - Rachel Van Dyken,millervillenas,ebooks,Adult,Rachel Van Dyken,Enamor (494),Enamor - Rachel Van Dyken.epub
Enchant (Eagle Elite) - Rachel Van Dyken,millervillenas,ebooks,Adult,Rachel Van Dyken,Enchant (Eagle Elite) (497),Enchant (Eagle Elite) - Rachel Van Dyken.epub
Enchanted_ A Billionaire Romanc - Tracie Delaney,millervillenas,ebooks,Adult,Tracie Delaney,Enchanted_ A Billionaire Romance (T (1595),Enchanted_ A Billionaire Romanc - Tracie Delaney.epub
End Goal - Amy Daws,millervillenas,ebooks,Adult,Amy Daws,End Goal (925),End Goal - Amy Daws.epub
Endless (Merciless Book 4) - Willow Winters,millervillenas,ebooks,Adult,Willow Winters,Endless (Merciless Book 4) (643),Endless (Merciless Book 4) - Willow Winters.mobi
"Endlessly Beautiful (Beautiful - McGuire, Jamie",millervillenas,ebooks,Adult,"McGuire, Jamie",Endlessly Beautiful (Beautiful Book (569),"Endlessly Beautiful (Beautiful - McGuire, Jamie.epub"
Endurance_ Les freres Harris #2 - Amy Daws,millervillenas,ebooks,Adult,Amy Daws,Endurance_ Les freres Harris #2 (924),Endurance_ Les freres Harris #2 - Amy Daws.epub
Enforce - Rachel Van Dyken,millervillenas,ebooks,Adult,Rachel Van Dyken,Enforce (503),Enforce - Rachel Van Dyken.epub
Engulfed _ A ROGUES Holiday Rom - Tracie Delaney,millervillenas,ebooks,Adult,Tracie Delaney,Engulfed _ A ROGUES Holiday Romance (1597),Engulfed _ A ROGUES Holiday Rom - Tracie Delaney.mobi
Enraptured_ A Billionaire Roman - Tracie Delaney,millervillenas,ebooks,Adult,Tracie Delaney,Enraptured_ A Billionaire Romance ( (1592),Enraptured_ A Billionaire Roman - Tracie Delaney.mobi
Enthralled_ A Billionaire Roman - Tracie Delaney,millervillenas,ebooks,Adult,Tracie Delaney,Enthralled_ A Billionaire Romance ( (1594),Enthralled_ A Billionaire Roman - Tracie Delaney.epub
Entice - Lexi Buchanan,millervillenas,ebooks,Adult,Lexi Buchanan,Entice (916),Entice - Lexi Buchanan.mobi
Entice - Rachel Van Dyken,millervillenas,ebooks,Adult,Rachel Van Dyken,Entice (502),Entice - Rachel Van Dyken.epub
Enticed_ A Billionaire Romance - Tracie Delaney,millervillenas,ebooks,Adult,Tracie Delaney,Enticed_ A Billionaire Romance (The (1596),Enticed_ A Billionaire Romance - Tracie Delaney.mobi
Entranced - Tracie Delaney,millervillenas,ebooks,Adult,Tracie Delaney,Entranced (1591),Entranced - Tracie Delaney.mobi
Entrapped_ A Billionaire Romanc - Tracie Delaney,millervillenas,ebooks,Adult,Tracie Delaney,Entrapped_ A Billionaire Romance (T (1593),Entrapped_ A Billionaire Romanc - Tracie Delaney.epub
Entwined With You_ A Crossfire - Sylvia Day,millervillenas,ebooks,Adult,Sylvia Day,Entwined With You_ A Crossfire Nove (182),Entwined With You_ A Crossfire - Sylvia Day.mobi
"Entwined with You_ A Crossfire - Day, Sylvia",millervillenas,ebooks,Adult,"Day, Sylvia",Entwined with You_ A Crossfire Nove (372),"Entwined with You_ A Crossfire - Day, Sylvia.mobi"
"Epilogue (The Dark Duet_ Book 3 - Roberts, CJ",millervillenas,ebooks,Adult,"Roberts, CJ",Epilogue (The Dark Duet_ Book 3) (596),"Epilogue (The Dark Duet_ Book 3 - Roberts, CJ.epub"
Eruption - Ivy Smoak,millervillenas,ebooks,Adult,Ivy Smoak,Eruption (772),Eruption - Ivy Smoak.epub
Escape You_ A Secret Baby Mafia - Diana A. Hicks,millervillenas,ebooks,Adult,Diana A. Hicks,Escape You_ A Secret Baby Mafia Rom (1050),Escape You_ A Secret Baby Mafia - Diana A. Hicks.mobi
Ethan (Face-Off Book 5) - Jillian Quinn,millervillenas,ebooks,Adult,Jillian Quinn,Ethan (Face-Off Book 5) (1181),Ethan (Face-Off Book 5) - Jillian Quinn.epub
Eulogy (Eagle Elite Book 9) - Rachel Van Dyken,millervillenas,ebooks,Adult,Rachel Van Dyken,Eulogy (Eagle Elite Book 9) (536),Eulogy (Eagle Elite Book 9) - Rachel Van Dyken.epub
Even When I'm Gone (Stay With M - Nicole Fiorina,millervillenas,ebooks,Adult,Nicole Fiorina,Even When I'm Gone (Stay With Me se (721),Even When I'm Gone (Stay With M - Nicole Fiorina.epub
Every Exquisite Thing (Ghosts o - Cassandra Clare,millervillenas,ebooks,Adult,Cassandra Clare,Every Exquisite Thing (Ghosts of th (734),Every Exquisite Thing (Ghosts o - Cassandra Clare.epub
Exodus - Kate Stewart,millervillenas,ebooks,Adult,Kate Stewart,Exodus (1003),Exodus - Kate Stewart.mobi
Exposed (Empire High Book 7) - Ivy Smoak,millervillenas,ebooks,Adult,Ivy Smoak,Exposed (Empire High Book 7) (1312),Exposed (Empire High Book 7) - Ivy Smoak.epub
Extra Credit_ Three Ivy Years N - Sarina Bowen,millervillenas,ebooks,Adult,Sarina Bowen,Extra Credit_ Three Ivy Years Novel (1374),Extra Credit_ Three Ivy Years N - Sarina Bowen.mobi
Extra Dirty (Boston Billionaire - Brittanee Nicole,millervillenas,ebooks,Adult,Brittanee Nicole,Extra Dirty (Boston Billionaires Bo (1526),Extra Dirty (Boston Billionaire - Brittanee Nicole.mobi
Eyes on Me (Salacious Players' - Sara Cate,millervillenas,ebooks,Adult,Sara Cate,Eyes on Me (Salacious Players' Club (1299),Eyes on Me (Salacious Players' - Sara Cate.mobi
"FREAKS - Hart, Callie",millervillenas,ebooks,Adult,"Hart, Callie",FREAKS (982),"FREAKS - Hart, Callie.epub"
F_ck Love - Tarryn Fisher,millervillenas,ebooks,Adult,Tarryn Fisher,F_ck Love (542),F_ck Love - Tarryn Fisher.epub
"Fair Catch (Love and Sports Ser - Quinn, Meghan",millervillenas,ebooks,Adult,"Quinn, Meghan",Fair Catch (Love and Sports Series) (1212),"Fair Catch (Love and Sports Ser - Quinn, Meghan.mobi"
Fair Catch (Virginia Valley Uni - Jessica Ruddick,millervillenas,ebooks,Adult,Jessica Ruddick,Fair Catch (Virginia Valley Univers (1221),Fair Catch (Virginia Valley Uni - Jessica Ruddick.mobi
Fair Catch_ An Enemies-to-Lover - Kandi Steiner,millervillenas,ebooks,Adult,Kandi Steiner,Fair Catch_ An Enemies-to-Lovers Ro (1294),Fair Catch_ An Enemies-to-Lover - Kandi Steiner.mobi
Fake Fiancee - Ilsa Madden-Mills,millervillenas,ebooks,Adult,Ilsa Madden-Mills,Fake Fiancee (1131),Fake Fiancee - Ilsa Madden-Mills.mobi
Faked_ A Bad Boy Sports Romance - Karla Sorensen,millervillenas,ebooks,Adult,Karla Sorensen,Faked_ A Bad Boy Sports Romance (951),Faked_ A Bad Boy Sports Romance - Karla Sorensen.mobi
Faking It - Carly Phillips,millervillenas,ebooks,Adult,Carly Phillips,Faking It (1062),Faking It - Carly Phillips.mobi
Faking with Benefits _ A Friend - Lily Gold,millervillenas,ebooks,Adult,Lily Gold,Faking with Benefits _ A Friends to (1286),Faking with Benefits _ A Friend - Lily Gold.epub
Fall From India Place - Samantha Young,millervillenas,ebooks,Adult,Samantha Young,Fall From India Place (284),Fall From India Place - Samantha Young.epub
Fall Into Temptation (Blue Moon - Lucy Score,millervillenas,ebooks,Adult,Lucy Score,Fall Into Temptation (Blue Moon #2) (1578),Fall Into Temptation (Blue Moon - Lucy Score.epub
Fall Into You - Roni Loren,millervillenas,ebooks,Adult,Roni Loren,Fall Into You (443),Fall Into You - Roni Loren.epub
Fall With Me - Jennifer L. Armentrout,millervillenas,ebooks,Adult,Jennifer L. Armentrout,Fall With Me (794),Fall With Me - Jennifer L. Armentrout.epub
Falling Away - Jasinda Wilder,millervillenas,ebooks,Adult,Jasinda Wilder,Falling Away (1069),Falling Away - Jasinda Wilder.epub
Falling Away - Penelope Douglas,millervillenas,ebooks,Adult,Penelope Douglas,Falling Away (1461),Falling Away - Penelope Douglas.mobi
Falling Into Us - Jasinda Wilder,millervillenas,ebooks,Adult,Jasinda Wilder,Falling Into Us (1048),Falling Into Us - Jasinda Wilder.epub
Falling Into You - Jasinda Wilder - Falling 01 - F,millervillenas,ebooks,Adult,Jasinda Wilder - Falling 01 - Falli,Falling Into You (1049),Falling Into You - Jasinda Wilder - Falling 01 - F.epub
Falling Under - Jasinda Wilder,millervillenas,ebooks,Adult,Jasinda Wilder,Falling Under (1076),Falling Under - Jasinda Wilder.mobi
Falling at First Sight - Willow Winters,millervillenas,ebooks,Adult,Willow Winters,Falling at First Sight (744),Falling at First Sight - Willow Winters.mobi
Falling for Colton (Falling #5) - Jasinda Wilder,millervillenas,ebooks,Adult,Jasinda Wilder,Falling for Colton (Falling #5) (1075),Falling for Colton (Falling #5) - Jasinda Wilder.mobi
Falling in Deeper (Wicked Lover - Shayla Black,millervillenas,ebooks,Adult,Shayla Black,Falling in Deeper (Wicked Lovers Se (1414),Falling in Deeper (Wicked Lover - Shayla Black.epub
False Start (Virginia Valley Un - Jessica Ruddick,millervillenas,ebooks,Adult,Jessica Ruddick,False Start (Virginia Valley Univer (1224),False Start (Virginia Valley Un - Jessica Ruddick.mobi
Family Ties - Danielle Steel,millervillenas,ebooks,Adult,Danielle Steel,Family Ties (125),Family Ties - Danielle Steel.mobi
Family album - Danielle Steel,millervillenas,ebooks,Adult,Danielle Steel,Family album (92),Family album - Danielle Steel.epub
Fantasy in Lingerie_ Lingerie # - Penelope Sky,millervillenas,ebooks,Adult,Penelope Sky,Fantasy in Lingerie_ Lingerie #6 (699),Fantasy in Lingerie_ Lingerie # - Penelope Sky.epub
Fast Break - Sierra Hill,millervillenas,ebooks,Adult,Sierra Hill,Fast Break (1269),Fast Break - Sierra Hill.epub
Fast Money_ A Shelby Nichols Ad - Colleen Helme,millervillenas,ebooks,Adult,Colleen Helme,Fast Money_ A Shelby Nichols Advent (618),Fast Money_ A Shelby Nichols Ad - Colleen Helme.epub
February (Calendar Girl #2) - Audrey Carlan,millervillenas,ebooks,Adult,Audrey Carlan,February (Calendar Girl #2) (371),February (Calendar Girl #2) - Audrey Carlan.mobi
February_ Calendar Girl Book 2 - Audrey Carlan,millervillenas,ebooks,Adult,Audrey Carlan,February_ Calendar Girl Book 2 (262),February_ Calendar Girl Book 2 - Audrey Carlan.mobi
Fervent (Dark Romance) - Gemma James,millervillenas,ebooks,Adult,Gemma James,Fervent (Dark Romance) (518),Fervent (Dark Romance) - Gemma James.mobi
Fever - Maya Banks,millervillenas,ebooks,Adult,Maya Banks,Fever (1392),Fever - Maya Banks.epub
Fifth Grave Past the Light_ Num - Darynda Jones,millervillenas,ebooks,Adult,Darynda Jones,Fifth Grave Past the Light_ Number (464),Fifth Grave Past the Light_ Num - Darynda Jones.mobi
Fifty Shades Darker - E. L. James,millervillenas,ebooks,Adult,E. L. James,Fifty Shades Darker (199),Fifty Shades Darker - E. L. James.epub
Fifty Shades Freed - E L James,millervillenas,ebooks,Adult,E L James,Fifty Shades Freed (198),Fifty Shades Freed - E L James.epub
Fifty Shades Trilogy (Fifty Sha - E L James,millervillenas,ebooks,Adult,E L James,Fifty Shades Trilogy (Fifty Shades (219),Fifty Shades Trilogy (Fifty Sha - E L James.epub
Fifty Shades of Grey - E L James,millervillenas,ebooks,Adult,E L James,Fifty Shades of Grey (200),Fifty Shades of Grey - E L James.epub
Fight With Me - Kristen Proby,millervillenas,ebooks,Adult,Kristen Proby,Fight With Me (207),Fight With Me - Kristen Proby.mobi
Fighting For Her (Wilde Ways Bo - Cynthia Eden,millervillenas,ebooks,Adult,Cynthia Eden,Fighting For Her (Wilde Ways Book 5 (1195),Fighting For Her (Wilde Ways Bo - Cynthia Eden.epub
Fighting for Love - L.P. Dover,millervillenas,ebooks,Adult,L.P. Dover,Fighting for Love (652),Fighting for Love - L.P. Dover.epub
Filthy English - Ilsa Madden-Mills,millervillenas,ebooks,Adult,Ilsa Madden-Mills,Filthy English (1160),Filthy English - Ilsa Madden-Mills.epub
Final Destination III - Nelle L'Amour,millervillenas,ebooks,Adult,Nelle L'Amour,Final Destination III (37),Final Destination III - Nelle L'Amour.epub
Finally Mine_ A Small Town Love - Lucy Score,millervillenas,ebooks,Adult,Lucy Score,Finally Mine_ A Small Town Love Sto (1535),Finally Mine_ A Small Town Love - Lucy Score.mobi
Finding Cinderella - Colleen Hoover,millervillenas,ebooks,Adult,Colleen Hoover,Finding Cinderella (1258),Finding Cinderella - Colleen Hoover.epub
Fine in Lingerie_ Lingerie #11 - Penelope Sky,millervillenas,ebooks,Adult,Penelope Sky,Fine in Lingerie_ Lingerie #11 (706),Fine in Lingerie_ Lingerie #11 - Penelope Sky.epub
Fine things - Danielle Steel,millervillenas,ebooks,Adult,Danielle Steel,Fine things (91),Fine things - Danielle Steel.mobi
Fire In You_ Volume Six (Wait f - Jennifer L. Armentrout,millervillenas,ebooks,Adult,Jennifer L. Armentrout,Fire In You_ Volume Six (Wait for Y (797),Fire In You_ Volume Six (Wait f - Jennifer L. Armentrout.epub
Fire Night - Penelope Douglas,millervillenas,ebooks,Adult,Penelope Douglas,Fire Night (1434),Fire Night - Penelope Douglas.mobi
Fireworks - Sarina Bowen,millervillenas,ebooks,Adult,Sarina Bowen,Fireworks (1348),Fireworks - Sarina Bowen.epub
First Grave on the Right - Darynda Jones,millervillenas,ebooks,Adult,Darynda Jones,First Grave on the Right (466),First Grave on the Right - Darynda Jones.mobi
First Night - Lauren Blakely,millervillenas,ebooks,Adult,Lauren Blakely,First Night (923),First Night - Lauren Blakely.epub
First Night_ Seductive Nights S - Lauren Blakely,millervillenas,ebooks,Adult,Lauren Blakely,First Night_ Seductive Nights Serie (912),First Night_ Seductive Nights S - Lauren Blakely.epub
"Fitting In - Violet, Silvia",millervillenas,ebooks,Adult,"Violet, Silvia",Fitting In (556),"Fitting In - Violet, Silvia.epub"
Five Days in Paris - Danielle Steel,millervillenas,ebooks,Adult,Danielle Steel,Five Days in Paris (90),Five Days in Paris - Danielle Steel.mobi
"Fixed on You - Paige, Laurelin",millervillenas,ebooks,Adult,"Paige, Laurelin",Fixed on You (330),"Fixed on You - Paige, Laurelin.mobi"
"Flipping Love You_ Boys of the - Nicholas, Erin",millervillenas,ebooks,Adult,"Nicholas, Erin",Flipping Love You_ Boys of the Bayo (1016),"Flipping Love You_ Boys of the - Nicholas, Erin.epub"
Flock - Kate Stewart,millervillenas,ebooks,Adult,Kate Stewart,Flock (1005),Flock - Kate Stewart.mobi
Floored - Karla Sorensen,millervillenas,ebooks,Adult,Karla Sorensen,Floored (952),Floored - Karla Sorensen.epub
Floored - Melanie Harlow,millervillenas,ebooks,Adult,Melanie Harlow,Floored (1116),Floored - Melanie Harlow.mobi
Fly Away Home - Jennifer Weiner,millervillenas,ebooks,Adult,Jennifer Weiner,Fly Away Home (1323),Fly Away Home - Jennifer Weiner.epub
Focused_ A Hate to Love Sports - Karla Sorensen,millervillenas,ebooks,Adult,Karla Sorensen,Focused_ A Hate to Love Sports Roma (953),Focused_ A Hate to Love Sports - Karla Sorensen.mobi
For I Have Sinned (A Charley Da - Darynda Jones,millervillenas,ebooks,Adult,Darynda Jones,For I Have Sinned (A Charley Davids (465),For I Have Sinned (A Charley Da - Darynda Jones.epub
Forbidden - Karla Sorensen,millervillenas,ebooks,Adult,Karla Sorensen,Forbidden (954),Forbidden - Karla Sorensen.mobi
Forbidden Desires - Marina Anderson,millervillenas,ebooks,Adult,Marina Anderson,Forbidden Desires (71),Forbidden Desires - Marina Anderson.epub
Forbidden Nights - Lauren Blakely,millervillenas,ebooks,Adult,Lauren Blakely,Forbidden Nights (911),Forbidden Nights - Lauren Blakely.epub
Forever (Empire High Book 8) - Ivy Smoak,millervillenas,ebooks,Adult,Ivy Smoak,Forever (Empire High Book 8) (1546),Forever (Empire High Book 8) - Ivy Smoak.mobi
"Forever After All_ A Billionair - Maura, Catharina",millervillenas,ebooks,Adult,"Maura, Catharina",Forever After All_ A Billionaire Ma (1034),"Forever After All_ A Billionair - Maura, Catharina.mobi"
"Forever Black - Lynn, Sandi",millervillenas,ebooks,Adult,"Lynn, Sandi",Forever Black (674),"Forever Black - Lynn, Sandi.epub"
Forever Mine - Erin Nicholas,millervillenas,ebooks,Adult,Erin Nicholas,Forever Mine (1095),Forever Mine - Erin Nicholas.mobi
Forever PUCKED (Pucked #4) - Helena Hunting,millervillenas,ebooks,Adult,Helena Hunting,Forever PUCKED (Pucked #4) (1124),Forever PUCKED (Pucked #4) - Helena Hunting.mobi
Forever Rockers - Terri Anne Browning,millervillenas,ebooks,Adult,Terri Anne Browning,Forever Rockers (537),Forever Rockers - Terri Anne Browning.epub
Forever Starts Tonight - Roni Loren,millervillenas,ebooks,Adult,Roni Loren,Forever Starts Tonight (440),Forever Starts Tonight - Roni Loren.epub
Forever Us - Sandi Lynn,millervillenas,ebooks,Adult,Sandi Lynn,Forever Us (678),Forever Us - Sandi Lynn.epub
Forever With You - Laurelin Paige,millervillenas,ebooks,Adult,Laurelin Paige,Forever With You (132),Forever With You - Laurelin Paige.mobi
Forever You - Sandi Lynn,millervillenas,ebooks,Adult,Sandi Lynn,Forever You (676),Forever You - Sandi Lynn.epub
"Forever with You (Fixed) - Paige, Laurelin",millervillenas,ebooks,Adult,"Paige, Laurelin",Forever with You (Fixed) (368),"Forever with You (Fixed) - Paige, Laurelin.epub"
Forever with You - Jennifer L. Armentrout,millervillenas,ebooks,Adult,Jennifer L. Armentrout,Forever with You (809),Forever with You - Jennifer L. Armentrout.epub
Forged in Flames - Ivy Smoak,millervillenas,ebooks,Adult,Ivy Smoak,Forged in Flames (776),Forged in Flames - Ivy Smoak.epub
"Forgiving What You Can't Forget - TerKeurst, Lysa",millervillenas,ebooks,Adult,"TerKeurst, Lysa",Forgiving What You Can't Forget _ D (1539),"Forgiving What You Can't Forget - TerKeurst, Lysa.epub"
Forked - Melanie Harlow,millervillenas,ebooks,Adult,Melanie Harlow,Forked (1108),Forked - Melanie Harlow.mobi
Found in You - Laurelin Paige,millervillenas,ebooks,Adult,Laurelin Paige,Found in You (133),Found in You - Laurelin Paige.mobi
"Four Weddings and a Swamp Boat - Nicholas, Erin",millervillenas,ebooks,Adult,"Nicholas, Erin",Four Weddings and a Swamp Boat Tour (1028),"Four Weddings and a Swamp Boat - Nicholas, Erin.mobi"
Fourth Grave Beneath My Feet (C - Darynda Jones,millervillenas,ebooks,Adult,Darynda Jones,Fourth Grave Beneath My Feet (Charl (462),Fourth Grave Beneath My Feet (C - Darynda Jones.epub
Foxy In Lingerie - Penelope Sky,millervillenas,ebooks,Adult,Penelope Sky,Foxy In Lingerie (698),Foxy In Lingerie - Penelope Sky.epub
"Fragile_ Book One in The Everet - Sera, Drew",millervillenas,ebooks,Adult,"Sera, Drew",Fragile_ Book One in The Everett Ga (608),"Fragile_ Book One in The Everet - Sera, Drew.epub"
Frenched (Mia and Lucas) - Melanie Harlow,millervillenas,ebooks,Adult,Melanie Harlow,Frenched (Mia and Lucas) (1094),Frenched (Mia and Lucas) - Melanie Harlow.mobi
"Frenched - Harlow, Melanie",millervillenas,ebooks,Adult,"Harlow, Melanie",Frenched (1107),"Frenched - Harlow, Melanie.mobi"
Friend-Zoned - Belle Aurora,millervillenas,ebooks,Adult,Belle Aurora,Friend-Zoned (922),Friend-Zoned - Belle Aurora.epub
Friends Forever - Danielle Steel,millervillenas,ebooks,Adult,Danielle Steel,Friends Forever (369),Friends Forever - Danielle Steel.epub
Friends Forever_ A Novel - Danielle Steel,millervillenas,ebooks,Adult,Danielle Steel,Friends Forever_ A Novel (74),Friends Forever_ A Novel - Danielle Steel.epub
From This Moment - Melanie Harlow,millervillenas,ebooks,Adult,Melanie Harlow,From This Moment (1114),From This Moment - Melanie Harlow.mobi
Fuel the Fire - Krista Ritchie,millervillenas,ebooks,Adult,Krista Ritchie,Fuel the Fire (1223),Fuel the Fire - Krista Ritchie.epub
Full Court Press_ A College Spo - Sierra Hill,millervillenas,ebooks,Adult,Sierra Hill,Full Court Press_ A College Sports (1236),Full Court Press_ A College Spo - Sierra Hill.mobi
Full Package - Lauren Blakely,millervillenas,ebooks,Adult,Lauren Blakely,Full Package (1113),Full Package - Lauren Blakely.mobi
Full circle - Danielle Steel,millervillenas,ebooks,Adult,Danielle Steel,Full circle (88),Full circle - Danielle Steel.epub
Funny Business (The Brodie Brot - Kayley Loring,millervillenas,ebooks,Adult,Kayley Loring,Funny Business (The Brodie Brothers (879),Funny Business (The Brodie Brot - Kayley Loring.epub
Fury - Laurann Dohner,millervillenas,ebooks,Adult,Laurann Dohner,Fury (583),Fury - Laurann Dohner.epub
Gabriel's Inferno - Sylvain Reynard,millervillenas,ebooks,Adult,Sylvain Reynard,Gabriel's Inferno (406),Gabriel's Inferno - Sylvain Reynard.mobi
"Gabriel's Redemption (Gabriel's - Reynard, Sylvain",millervillenas,ebooks,Adult,"Reynard, Sylvain",Gabriel's Redemption (Gabriel's Inf (405),"Gabriel's Redemption (Gabriel's - Reynard, Sylvain.epub"
Gabriel's Rule - Gabriel 39 s Rule book 1,millervillenas,ebooks,Adult,Gabriel 39 s Rule book 1,Gabriel's Rule (1087),Gabriel's Rule - Gabriel 39 s Rule book 1.epub
Game Changer_ A Single Dad_Nann - Sierra Hill,millervillenas,ebooks,Adult,Sierra Hill,Game Changer_ A Single Dad_Nanny Ro (1164),Game Changer_ A Single Dad_Nann - Sierra Hill.epub
Gametime_ A Moo U Hockey Romanc - Jami Davenport,millervillenas,ebooks,Adult,Jami Davenport,Gametime_ A Moo U Hockey Romance (1350),Gametime_ A Moo U Hockey Romanc - Jami Davenport.epub
Gettin' Lucky - Amber Skyze,millervillenas,ebooks,Adult,Amber Skyze,Gettin' Lucky (1),Gettin' Lucky - Amber Skyze.mobi
"Ghosts of the Shadow Market Boo - Clare, Cassandra",millervillenas,ebooks,Adult,"Clare, Cassandra",Ghosts of the Shadow Market Book 1_ (733),"Ghosts of the Shadow Market Boo - Clare, Cassandra.epub"
Gilt and Midnight - Megan Hart,millervillenas,ebooks,Adult,Megan Hart,Gilt and Midnight (352),Gilt and Midnight - Megan Hart.epub
"Gin Fling_ Bootleg Springs Book - Score, Lucy",millervillenas,ebooks,Adult,"Score, Lucy",Gin Fling_ Bootleg Springs Book Fiv (1541),"Gin Fling_ Bootleg Springs Book - Score, Lucy.mobi"
Give Me More (Salacious Players - Sara Cate,millervillenas,ebooks,Adult,Sara Cate,Give Me More (Salacious Players' Cl (1297),Give Me More (Salacious Players - Sara Cate.mobi
Goalie (Texas Mutiny Book 3) - M.E. Carter,millervillenas,ebooks,Adult,M.E. Carter,Goalie (Texas Mutiny Book 3) (1241),Goalie (Texas Mutiny Book 3) - M.E. Carter.epub
Going for Gold - Ivy Smoak,millervillenas,ebooks,Adult,Ivy Smoak,Going for Gold (789),Going for Gold - Ivy Smoak.epub
Golden Eyes - Maya Banks,millervillenas,ebooks,Adult,Maya Banks,Golden Eyes (230),Golden Eyes - Maya Banks.mobi
Good as Gold - Sarina Bowen,millervillenas,ebooks,Adult,Sarina Bowen,Good as Gold (1334),Good as Gold - Sarina Bowen.epub
Granny Dan - Danielle Steel,millervillenas,ebooks,Adult,Danielle Steel,Granny Dan (108),Granny Dan - Danielle Steel.mobi
Grey - E L James,millervillenas,ebooks,Adult,E L James,Grey (370),Grey - E L James.mobi
Grounded - R. K. Lilley,millervillenas,ebooks,Adult,R. K. Lilley,Grounded (600),Grounded - R. K. Lilley.epub
Groupie (Juked #2) - M.E. Carter,millervillenas,ebooks,Adult,M.E. Carter,Groupie (Juked #2) (1238),Groupie (Juked #2) - M.E. Carter.epub
Guarding Gwen - Cynthia Eden,millervillenas,ebooks,Adult,Cynthia Eden,Guarding Gwen (1192),Guarding Gwen - Cynthia Eden.epub
Guns and Roses (Murder She Writ - Murder She Writes Press,millervillenas,ebooks,Adult,Murder She Writes Press,Guns and Roses (Murder She Writes P (367),Guns and Roses (Murder She Writ - Murder She Writes Press.epub
Guns and Roses - Toni McGee Causey,millervillenas,ebooks,Adult,Toni McGee Causey,Guns and Roses (183),Guns and Roses - Toni McGee Causey.mobi
H.R.H_ - Danielle Steel,millervillenas,ebooks,Adult,Danielle Steel,H.R.H_ (122),H.R.H_ - Danielle Steel.epub
Hail Mary_ An Enemies-to-Lovers - Kandi Steiner,millervillenas,ebooks,Adult,Kandi Steiner,Hail Mary_ An Enemies-to-Lovers Roo (1293),Hail Mary_ An Enemies-to-Lovers - Kandi Steiner.mobi
Half-Blood - Jennifer L. Armentrout,millervillenas,ebooks,Adult,Jennifer L. Armentrout,Half-Blood (805),Half-Blood - Jennifer L. Armentrout.epub
Handle With Care - Helena Hunting,millervillenas,ebooks,Adult,Helena Hunting,Handle With Care (1135),Handle With Care - Helena Hunting.epub
Happenstance - Tessa Bailey,millervillenas,ebooks,Adult,Tessa Bailey,Happenstance (1506),Happenstance - Tessa Bailey.mobi
Happy Hour_ Stiletto Sisters (T - Ainsley St Claire,millervillenas,ebooks,Adult,Ainsley St Claire,Happy Hour_ Stiletto Sisters (The S (1080),Happy Hour_ Stiletto Sisters (T - Ainsley St Claire.mobi
Hard Beat - K. Bromberg,millervillenas,ebooks,Adult,K. Bromberg,Hard Beat (1301),Hard Beat - K. Bromberg.epub
Hard Hitter - Sarina Bowen,millervillenas,ebooks,Adult,Sarina Bowen,Hard Hitter (1340),Hard Hitter - Sarina Bowen.mobi
Hard Stick - L. P. Dover,millervillenas,ebooks,Adult,L. P. Dover,Hard Stick (656),Hard Stick - L. P. Dover.epub
Hard Wood - Lauren Blakely,millervillenas,ebooks,Adult,Lauren Blakely,Hard Wood (1109),Hard Wood - Lauren Blakely.epub
Hard to Love - Willow Winters,millervillenas,ebooks,Adult,Willow Winters,Hard to Love (730),Hard to Love - Willow Winters.epub
Hardline - Meredith Wild,millervillenas,ebooks,Adult,Meredith Wild,Hardline (178),Hardline - Meredith Wild.mobi
Hardpressed - Meredith Wild,millervillenas,ebooks,Adult,Meredith Wild,Hardpressed (179),Hardpressed - Meredith Wild.epub
Hardwired (The Hardwired Series - Meredith Wild,millervillenas,ebooks,Adult,Meredith Wild,Hardwired (The Hardwired Series) (V (366),Hardwired (The Hardwired Series - Meredith Wild.mobi
Hardwired - Meredith Wild,millervillenas,ebooks,Adult,Meredith Wild,Hardwired (180),Hardwired - Meredith Wild.mobi
Hart to Heart - M.E. Carter,millervillenas,ebooks,Adult,M.E. Carter,Hart to Heart (1237),Hart to Heart - M.E. Carter.epub
Hat Trick - Cerise Deland,millervillenas,ebooks,Adult,Cerise Deland,Hat Trick (16),Hat Trick - Cerise Deland.epub
Hate Loving You - Aubrey Wright,millervillenas,ebooks,Adult,Aubrey Wright,Hate Loving You (1047),Hate Loving You - Aubrey Wright.epub
Hate Notes - Vi Keeland,millervillenas,ebooks,Adult,Vi Keeland,Hate Notes (1388),Hate Notes - Vi Keeland.epub
Hate You Less - Aubrey Wright,millervillenas,ebooks,Adult,Aubrey Wright,Hate You Less (1045),Hate You Less - Aubrey Wright.epub
Haven of Obedience - Marina Anderson,millervillenas,ebooks,Adult,Marina Anderson,Haven of Obedience (195),Haven of Obedience - Marina Anderson.mobi
Having Faith - Barbara Delinsky,millervillenas,ebooks,Adult,Barbara Delinsky,Having Faith (26),Having Faith - Barbara Delinsky.mobi
"Having Her_ Lies We Tell, Book - Jackie Ashenden",millervillenas,ebooks,Adult,Jackie Ashenden,"Having Her_ Lies We Tell, Book 2 (299)","Having Her_ Lies We Tell, Book - Jackie Ashenden.epub"
Head Over Hooves_ Boys of the B - Erin Nicholas,millervillenas,ebooks,Adult,Erin Nicholas,Head Over Hooves_ Boys of the Bayou (1015),Head Over Hooves_ Boys of the B - Erin Nicholas.epub
"Hear Me (Dark Erotica) - Warren, Skye",millervillenas,ebooks,Adult,"Warren, Skye",Hear Me (Dark Erotica) (548),"Hear Me (Dark Erotica) - Warren, Skye.epub"
Heart Bones - Colleen Hoover,millervillenas,ebooks,Adult,Colleen Hoover,Heart Bones (1263),Heart Bones - Colleen Hoover.epub
Heartbeat - Danielle Steel,millervillenas,ebooks,Adult,Danielle Steel,Heartbeat (107),Heartbeat - Danielle Steel.epub
Heartbreak - Skye Warren,millervillenas,ebooks,Adult,Skye Warren,Heartbreak (686),Heartbreak - Skye Warren.epub
Heartland - Sarina Bowen,millervillenas,ebooks,Adult,Sarina Bowen,Heartland (1359),Heartland - Sarina Bowen.epub
Heartless (Merciless Book 2) - Willow Winters,millervillenas,ebooks,Adult,Willow Winters,Heartless (Merciless Book 2) (646),Heartless (Merciless Book 2) - Willow Winters.epub
Heartstopper - Lauren Landish,millervillenas,ebooks,Adult,Lauren Landish,Heartstopper (887),Heartstopper - Lauren Landish.epub
"Heavy Petting_ Boys of the Bayo - Nicholas, Erin",millervillenas,ebooks,Adult,"Nicholas, Erin",Heavy Petting_ Boys of the Bayou Go (1017),"Heavy Petting_ Boys of the Bayo - Nicholas, Erin.epub"
Hello Forever - Sarina Bowen,millervillenas,ebooks,Adult,Sarina Bowen,Hello Forever (1368),Hello Forever - Sarina Bowen.mobi
Her Rebel Heart - Jamie Farrell,millervillenas,ebooks,Adult,Jamie Farrell,Her Rebel Heart (1277),Her Rebel Heart - Jamie Farrell.epub
Hero - Samantha Young,millervillenas,ebooks,Adult,Samantha Young,Hero (293),Hero - Samantha Young.epub
Hideaway - Penelope Douglas,millervillenas,ebooks,Adult,Penelope Douglas,Hideaway (1430),Hideaway - Penelope Douglas.epub
Hideaway Heart (Cherry Tree Har - Melanie Harlow,millervillenas,ebooks,Adult,Melanie Harlow,Hideaway Heart (Cherry Tree Harbor (1380),Hideaway Heart (Cherry Tree Har - Melanie Harlow.epub
Highball Rush (Bootleg Springs - Claire Kingsley,millervillenas,ebooks,Adult,Claire Kingsley,Highball Rush (Bootleg Springs Book (1540),Highball Rush (Bootleg Springs - Claire Kingsley.mobi
Highest Bidder Collection - Lauren Landish,millervillenas,ebooks,Adult,Lauren Landish,Highest Bidder Collection (889),Highest Bidder Collection - Lauren Landish.epub
His True Queen - Jodi Ellen Malpas,millervillenas,ebooks,Adult,Jodi Ellen Malpas,His True Queen (1610),His True Queen - Jodi Ellen Malpas.mobi
His to Dominate - Christa Wick,millervillenas,ebooks,Adult,Christa Wick,His to Dominate (142),His to Dominate - Christa Wick.epub
His to Possess - Christa Wick,millervillenas,ebooks,Adult,Christa Wick,His to Possess (144),His to Possess - Christa Wick.epub
His to Take - Shayla Black,millervillenas,ebooks,Adult,Shayla Black,His to Take (1411),His to Take - Shayla Black.epub
Hit and Run (Hot-Lanta #4) - Meghan Quinn,millervillenas,ebooks,Adult,Meghan Quinn,Hit and Run (Hot-Lanta #4) (1191),Hit and Run (Hot-Lanta #4) - Meghan Quinn.mobi
Hitched (Imperfect Love #3) - Kendall Ryan,millervillenas,ebooks,Adult,Kendall Ryan,Hitched (Imperfect Love #3) (296),Hitched (Imperfect Love #3) - Kendall Ryan.epub
Hitched (Imperfect Love Book 1) - Kendall Ryan,millervillenas,ebooks,Adult,Kendall Ryan,Hitched (Imperfect Love Book 1) (297),Hitched (Imperfect Love Book 1) - Kendall Ryan.mobi
Hitched (Imperfect Love Book 2) - Kendall Ryan,millervillenas,ebooks,Adult,Kendall Ryan,Hitched (Imperfect Love Book 2) (300),Hitched (Imperfect Love Book 2) - Kendall Ryan.mobi
Hold Me (Love The Way Book 2) - W. Winters,millervillenas,ebooks,Adult,W. Winters,Hold Me (Love The Way Book 2) (830),Hold Me (Love The Way Book 2) - W. Winters.mobi
Hold You Against Me_ A Stripped - Skye Warren,millervillenas,ebooks,Adult,Skye Warren,Hold You Against Me_ A Stripped Sta (681),Hold You Against Me_ A Stripped - Skye Warren.epub
Holding on Tighter (A Wicked Lo - Shayla Black,millervillenas,ebooks,Adult,Shayla Black,Holding on Tighter (A Wicked Lovers (1415),Holding on Tighter (A Wicked Lo - Shayla Black.epub
Holding on to Chaos_ A Small To - Lucy Score,millervillenas,ebooks,Adult,Lucy Score,Holding on to Chaos_ A Small Town L (1579),Holding on to Chaos_ A Small To - Lucy Score.mobi
Holding the Cards - Joey Hill,millervillenas,ebooks,Adult,Joey Hill,Holding the Cards (282),Holding the Cards - Joey Hill.mobi
HoldingtheCards - Joey W Hill,millervillenas,ebooks,Adult,Joey W Hill,HoldingtheCards (365),HoldingtheCards - Joey W Hill.mobi
Holdout_ A Moo U Hockey Romance - Jaqueline Snowe,millervillenas,ebooks,Adult,Jaqueline Snowe,Holdout_ A Moo U Hockey Romance (1351),Holdout_ A Moo U Hockey Romance - Jaqueline Snowe.mobi
"Hollywood Blackmail_ A Seacliff - Ashenden, Jackie",millervillenas,ebooks,Adult,"Ashenden, Jackie",Hollywood Blackmail_ A Seacliff Nov (295),"Hollywood Blackmail_ A Seacliff - Ashenden, Jackie.epub"
Honor (Bad Boy Homecoming Book - Kennedy Layne,millervillenas,ebooks,Adult,Kennedy Layne,Honor (Bad Boy Homecoming Book 4) (448),Honor (Bad Boy Homecoming Book - Kennedy Layne.epub
Honor Thyself - Danielle Steel,millervillenas,ebooks,Adult,Danielle Steel,Honor Thyself (80),Honor Thyself - Danielle Steel.epub
Hope (Things That Matter Book 2 - Casey Diam,millervillenas,ebooks,Adult,Casey Diam,Hope (Things That Matter Book 2) (839),Hope (Things That Matter Book 2 - Casey Diam.epub
Hopeless - Colleen Hoover,millervillenas,ebooks,Adult,Colleen Hoover,Hopeless (1255),Hopeless - Colleen Hoover.epub
"Hopeless Anthology - Hoover, Colleen",millervillenas,ebooks,Adult,"Hoover, Colleen",Hopeless Anthology (1265),"Hopeless Anthology - Hoover, Colleen.epub"
Hot Heir_ A Royal Bodyguard _ S - Pippa Grant,millervillenas,ebooks,Adult,Pippa Grant,Hot Heir_ A Royal Bodyguard _ Secre (1383),Hot Heir_ A Royal Bodyguard _ S - Pippa Grant.mobi
"Hot Man's Secret Baby Romance S - Foss, Tiffany",millervillenas,ebooks,Adult,"Foss, Tiffany",Hot Man's Secret Baby Romance Serie (1041),"Hot Man's Secret Baby Romance S - Foss, Tiffany.epub"
"Hot Moms 05 - Please Ma'am, can I have anothe",millervillenas,ebooks,Adult,"Please Ma'am, can I have another",Hot Moms 05 (177),"Hot Moms 05 - Please Ma'am, can I have anothe.mobi"
Hot in Handcuffs - Shayla Black,millervillenas,ebooks,Adult,Shayla Black,Hot in Handcuffs (185),Hot in Handcuffs - Shayla Black.mobi
Hot to Trot - Desiree Holt,millervillenas,ebooks,Adult,Desiree Holt,Hot to Trot (8),Hot to Trot - Desiree Holt.epub
Hotel Vendome (2011) - Danielle Steel,millervillenas,ebooks,Adult,Danielle Steel,Hotel Vendome (2011) (363),Hotel Vendome (2011) - Danielle Steel.epub
Hotel Vendome - Danielle Steel,millervillenas,ebooks,Adult,Danielle Steel,Hotel Vendome (76),Hotel Vendome - Danielle Steel.epub
Hothouse Flower (Addicted #4) - Krista Ritchie,millervillenas,ebooks,Adult,Krista Ritchie,Hothouse Flower (Addicted #4) (1228),Hothouse Flower (Addicted #4) - Krista Ritchie.mobi
Housewives at Play - Friends,millervillenas,ebooks,Adult,Friends,Housewives at Play (175),Housewives at Play - Friends.mobi
"Housewives at Play 12 - I do, I do",millervillenas,ebooks,Adult,"I do, I do",Housewives at Play 12 (181),"Housewives at Play 12 - I do, I do.mobi"
Housewives at Play 13 - Rainy-Day Cooze,millervillenas,ebooks,Adult,Rainy-Day Cooze,Housewives at Play 13 (174),Housewives at Play 13 - Rainy-Day Cooze.mobi
Hundreds (Dollar #3) - Pepper Winters,millervillenas,ebooks,Adult,Pepper Winters,Hundreds (Dollar #3) (540),Hundreds (Dollar #3) - Pepper Winters.mobi
"Hush, Hush - Becca Fitzpatrick",millervillenas,ebooks,Adult,Becca Fitzpatrick,"Hush, Hush (589)","Hush, Hush - Becca Fitzpatrick.epub"
I Bet You - Ilsa Madden-Mills,millervillenas,ebooks,Adult,Ilsa Madden-Mills,I Bet You (1133),I Bet You - Ilsa Madden-Mills.epub
I Could Never - Penelope Ward,millervillenas,ebooks,Adult,Penelope Ward,I Could Never (1384),I Could Never - Penelope Ward.epub
I Dare You - Ilsa Madden-Mills,millervillenas,ebooks,Adult,Ilsa Madden-Mills,I Dare You (1132),I Dare You - Ilsa Madden-Mills.mobi
"I Hate You - Madden-Mills, Ilsa",millervillenas,ebooks,Adult,"Madden-Mills, Ilsa",I Hate You (1148),"I Hate You - Madden-Mills, Ilsa.mobi"
I Promise You_ Stand-Alone Coll - Ilsa Madden-Mills,millervillenas,ebooks,Adult,Ilsa Madden-Mills,I Promise You_ Stand-Alone College (1147),I Promise You_ Stand-Alone Coll - Ilsa Madden-Mills.epub
Ice Queen - Joey W. Hill,millervillenas,ebooks,Adult,Joey W. Hill,Ice Queen (279),Ice Queen - Joey W. Hill.mobi
Ice Queen_ An Accidental Pregna - Lilian Monroe,millervillenas,ebooks,Adult,Lilian Monroe,Ice Queen_ An Accidental Pregnancy (992),Ice Queen_ An Accidental Pregna - Lilian Monroe.epub
If Only (Masters of the Shadowl - Cherise Sinclair,millervillenas,ebooks,Adult,Cherise Sinclair,If Only (Masters of the Shadowlands (423),If Only (Masters of the Shadowl - Cherise Sinclair.epub
If This Is Love - Jewel E. Ann,millervillenas,ebooks,Adult,Jewel E. Ann,If This Is Love (1471),If This Is Love - Jewel E. Ann.epub
If You Were Mine - Melanie Harlow,millervillenas,ebooks,Adult,Melanie Harlow,If You Were Mine (1115),If You Were Mine - Melanie Harlow.mobi
Ignite You_ A Second Chance Maf - Diana A. Hicks,millervillenas,ebooks,Adult,Diana A. Hicks,Ignite You_ A Second Chance Mafia R (1043),Ignite You_ A Second Chance Maf - Diana A. Hicks.epub
"Illicit Promises (Stolen Moment - Maura, Catharina",millervillenas,ebooks,Adult,"Maura, Catharina",Illicit Promises (Stolen Moments Bo (1036),"Illicit Promises (Stolen Moment - Maura, Catharina.mobi"
Impossible - Danielle Steel,millervillenas,ebooks,Adult,Danielle Steel,Impossible (106),Impossible - Danielle Steel.mobi
In Flight - R. K. Lilley,millervillenas,ebooks,Adult,R. K. Lilley,In Flight (597),In Flight - R. K. Lilley.epub
In the Pocket (Virginia Valley - Jessica Ruddick,millervillenas,ebooks,Adult,Jessica Ruddick,In the Pocket (Virginia Valley Univ (1235),In the Pocket (Virginia Valley - Jessica Ruddick.epub
Inferno - Julie Kagawa,millervillenas,ebooks,Adult,Julie Kagawa,Inferno (741),Inferno - Julie Kagawa.epub
Injustice for All; How Financia - Chris W. Surprenant,millervillenas,ebooks,Adult,Chris W. Surprenant,Injustice for All; How Financial In (1545),Injustice for All; How Financia - Chris W. Surprenant.epub
Intercepting Love - L. P. Dover,millervillenas,ebooks,Adult,L. P. Dover,Intercepting Love (661),Intercepting Love - L. P. Dover.epub
Into the Mist - Maya Banks,millervillenas,ebooks,Adult,Maya Banks,Into the Mist (224),Into the Mist - Maya Banks.epub
Into the Storm - Larry Correia,millervillenas,ebooks,Adult,Larry Correia,Into the Storm (638),Into the Storm - Larry Correia.epub
Irresistible Forces - Danielle Steel,millervillenas,ebooks,Adult,Danielle Steel,Irresistible Forces (81),Irresistible Forces - Danielle Steel.mobi
It Ends with Us - Colleen Hoover,millervillenas,ebooks,Adult,Colleen Hoover,It Ends with Us (1253),It Ends with Us - Colleen Hoover.epub
It Happened One Summer - Tessa Bailey,millervillenas,ebooks,Adult,Tessa Bailey,It Happened One Summer (1504),It Happened One Summer - Tessa Bailey.epub
"It's Our Secret - Winters, W_",millervillenas,ebooks,Adult,"Winters, W_",It's Our Secret (845),"It's Our Secret - Winters, W_.mobi"
It's in His Kiss - Julia Quinn,millervillenas,ebooks,Adult,Julia Quinn,It's in His Kiss (1565),It's in His Kiss - Julia Quinn.mobi
Jaded and Tyed - Penelope Ward,millervillenas,ebooks,Adult,Penelope Ward,Jaded and Tyed (1615),Jaded and Tyed - Penelope Ward.mobi
Jake Understood - Penelope Ward,millervillenas,ebooks,Adult,Penelope Ward,Jake Understood (1621),Jake Understood - Penelope Ward.epub
Jake Undone - Penelope Ward,millervillenas,ebooks,Adult,Penelope Ward,Jake Undone (1617),Jake Undone - Penelope Ward.mobi
James the Christmas Grouch - Ivy Smoak,millervillenas,ebooks,Adult,Ivy Smoak,James the Christmas Grouch (827),James the Christmas Grouch - Ivy Smoak.epub
Jameson (Face-Off Series Book 4 - Jillian Quinn,millervillenas,ebooks,Adult,Jillian Quinn,Jameson (Face-Off Series Book 4) (1166),Jameson (Face-Off Series Book 4 - Jillian Quinn.epub
Jamie_ The Hartwell Brothers Bo - M. S. Parker,millervillenas,ebooks,Adult,M. S. Parker,Jamie_ The Hartwell Brothers Book 3 (1092),Jamie_ The Hartwell Brothers Bo - M. S. Parker.epub
January (Calendar Girl #1) - Audrey Carlan,millervillenas,ebooks,Adult,Audrey Carlan,January (Calendar Girl #1) (362),January (Calendar Girl #1) - Audrey Carlan.mobi
January_ Calendar Girl Book 1 - Audrey Carlan,millervillenas,ebooks,Adult,Audrey Carlan,January_ Calendar Girl Book 1 (271),January_ Calendar Girl Book 1 - Audrey Carlan.mobi
Jewels - Danielle Steel,millervillenas,ebooks,Adult,Danielle Steel,Jewels (82),Jewels - Danielle Steel.epub
Johnny Angel - Danielle Steel,millervillenas,ebooks,Adult,Danielle Steel,Johnny Angel (83),Johnny Angel - Danielle Steel.epub
Journey - Danielle Steel,millervillenas,ebooks,Adult,Danielle Steel,Journey (84),Journey - Danielle Steel.epub
Joy Ride - Lauren Blakely,millervillenas,ebooks,Adult,Lauren Blakely,Joy Ride (544),Joy Ride - Lauren Blakely.epub
Judgment - Denise Hall,millervillenas,ebooks,Adult,Denise Hall,Judgment (594),Judgment - Denise Hall.epub
Juked - ME Carter,millervillenas,ebooks,Adult,ME Carter,Juked (1239),Juked - ME Carter.epub
July (Calendar Girl #7) - Audrey Carlan,millervillenas,ebooks,Adult,Audrey Carlan,July (Calendar Girl #7) (361),July (Calendar Girl #7) - Audrey Carlan.epub
July_ Calendar Girl Book 7 - Audrey Carlan,millervillenas,ebooks,Adult,Audrey Carlan,July_ Calendar Girl Book 7 (268),July_ Calendar Girl Book 7 - Audrey Carlan.mobi
Jump Shot - Sierra Hill,millervillenas,ebooks,Adult,Sierra Hill,Jump Shot (1268),Jump Shot - Sierra Hill.epub
June (Calendar Girl #6) - Audrey Carlan,millervillenas,ebooks,Adult,Audrey Carlan,June (Calendar Girl #6) (632),June (Calendar Girl #6) - Audrey Carlan.epub
June (Calendar Girl Book 6) - Audrey Carlan,millervillenas,ebooks,Adult,Audrey Carlan,June (Calendar Girl Book 6) (360),June (Calendar Girl Book 6) - Audrey Carlan.mobi
June_ Calendar Girl Book 6 - Audrey Carlan,millervillenas,ebooks,Adult,Audrey Carlan,June_ Calendar Girl Book 6 (263),June_ Calendar Girl Book 6 - Audrey Carlan.mobi
Just One Kiss - Layla Hagen,millervillenas,ebooks,Adult,Layla Hagen,Just One Kiss (863),Just One Kiss - Layla Hagen.epub
"Just One Night_ Sex, Love & Sti - Lauren Layne",millervillenas,ebooks,Adult,Lauren Layne,"Just One Night_ Sex, Love & Stilett (1266)","Just One Night_ Sex, Love & Sti - Lauren Layne.epub"
"Justice (New Species, Book Four - Laurann Dohner",millervillenas,ebooks,Adult,Laurann Dohner,"Justice (New Species, Book Four) (581)","Justice (New Species, Book Four - Laurann Dohner.epub"
KEITH (The Hartwell Brothers Bo - M. S. Parker,millervillenas,ebooks,Adult,M. S. Parker,KEITH (The Hartwell Brothers Book 1 (1091),KEITH (The Hartwell Brothers Bo - M. S. Parker.epub
Kaleidoscope - Danielle Steel,millervillenas,ebooks,Adult,Danielle Steel,Kaleidoscope (105),Kaleidoscope - Danielle Steel.mobi
Kama Sutra - J. Rogiere,millervillenas,ebooks,Adult,J. Rogiere,Kama Sutra (246),Kama Sutra - J. Rogiere.mobi
Kama Sutra - Nitya Lacroix,millervillenas,ebooks,Adult,Nitya Lacroix,Kama Sutra (747),Kama Sutra - Nitya Lacroix.epub
Kama Sutra for 21st Century Lov - Unknown,millervillenas,ebooks,Adult,Unknown,Kama Sutra for 21st Century Lovers (748),Kama Sutra for 21st Century Lov - Unknown.epub
Kane (Face-Off Series Book 2) - Jillian Quinn,millervillenas,ebooks,Adult,Jillian Quinn,Kane (Face-Off Series Book 2) (1177),Kane (Face-Off Series Book 2) - Jillian Quinn.epub
Keeper - Amy Daws,millervillenas,ebooks,Adult,Amy Daws,Keeper (921),Keeper - Amy Daws.mobi
Keeping 13_ Boys of Tommen #2 - Chloe Walsh,millervillenas,ebooks,Adult,Chloe Walsh,Keeping 13_ Boys of Tommen #2 (1551),Keeping 13_ Boys of Tommen #2 - Chloe Walsh.epub
Keepsake (True North Book 3) - Sarina Bowen,millervillenas,ebooks,Adult,Sarina Bowen,Keepsake (True North Book 3) (1339),Keepsake (True North Book 3) - Sarina Bowen.mobi
Kill Switch (Devil's Night #3) - Penelope Douglas,millervillenas,ebooks,Adult,Penelope Douglas,Kill Switch (Devil's Night #3) (1429),Kill Switch (Devil's Night #3) - Penelope Douglas.epub
Kill Switch - Penelope Douglas,millervillenas,ebooks,Adult,Penelope Douglas,Kill Switch (1457),Kill Switch - Penelope Douglas.epub
Killer Instincts 03 - Midnight - Elle Kennedy,millervillenas,ebooks,Adult,Elle Kennedy,Killer Instincts 03 - Midnight Game (1490),Killer Instincts 03 - Midnight - Elle Kennedy.epub
King of Bourbon Street_ A Dark - Aidee Jaimes,millervillenas,ebooks,Adult,Aidee Jaimes,King of Bourbon Street_ A Dark Mafi (848),King of Bourbon Street_ A Dark - Aidee Jaimes.epub
Kiss My Cupcake - Helena Hunting,millervillenas,ebooks,Adult,Helena Hunting,Kiss My Cupcake (1134),Kiss My Cupcake - Helena Hunting.epub
Kiss the Sky (Addicted #3) - Krista Ritchie,millervillenas,ebooks,Adult,Krista Ritchie,Kiss the Sky (Addicted #3) (1227),Kiss the Sky (Addicted #3) - Krista Ritchie.epub
Kisses Sweet Like Wine _ Rock B - Brittanee Nicole,millervillenas,ebooks,Adult,Brittanee Nicole,Kisses Sweet Like Wine _ Rock Botto (1497),Kisses Sweet Like Wine _ Rock B - Brittanee Nicole.epub
Knight Takes Queen - C. C. Gibbs,millervillenas,ebooks,Adult,C. C. Gibbs,Knight Takes Queen (901),Knight Takes Queen - C. C. Gibbs.epub
Knocking Boots (Sexy Standalone - Willow Winters,millervillenas,ebooks,Adult,Willow Winters,Knocking Boots (Sexy Standalone) (855),Knocking Boots (Sexy Standalone - Willow Winters.epub
Lady Midnight - Cassandra Clare,millervillenas,ebooks,Adult,Cassandra Clare,Lady Midnight (740),Lady Midnight - Cassandra Clare.epub
Lady in Lingerie_ Lingerie #3 - Penelope Sky,millervillenas,ebooks,Adult,Penelope Sky,Lady in Lingerie_ Lingerie #3 (702),Lady in Lingerie_ Lingerie #3 - Penelope Sky.epub
Lake News - Barbara Delinsky,millervillenas,ebooks,Adult,Barbara Delinsky,Lake News (31),Lake News - Barbara Delinsky.mobi
"Last Call (Cocktail, #4.5) - Alice Clayton",millervillenas,ebooks,Adult,Alice Clayton,"Last Call (Cocktail, #4.5) (401)","Last Call (Cocktail, #4.5) - Alice Clayton.mobi"
Last Chance_ A Second Chances N - L. P. Dover,millervillenas,ebooks,Adult,L. P. Dover,Last Chance_ A Second Chances Novel (659),Last Chance_ A Second Chances N - L. P. Dover.epub
Layla - Colleen Hoover,millervillenas,ebooks,Adult,Colleen Hoover,Layla (1248),Layla - Colleen Hoover.epub
Lead_ Stage Dive (Book 3) - Kylie Scott,millervillenas,ebooks,Adult,Kylie Scott,Lead_ Stage Dive (Book 3) (1507),Lead_ Stage Dive (Book 3) - Kylie Scott.epub
Lean on Me - Cherise Sinclair,millervillenas,ebooks,Adult,Cherise Sinclair,Lean on Me (427),Lean on Me - Cherise Sinclair.epub
Leap of Faith - Danielle Steel,millervillenas,ebooks,Adult,Danielle Steel,Leap of Faith (104),Leap of Faith - Danielle Steel.mobi
"Leather and Lace - Landish, Lauren",millervillenas,ebooks,Adult,"Landish, Lauren",Leather and Lace (874),"Leather and Lace - Landish, Lauren.mobi"
Legacy - Danielle Steel,millervillenas,ebooks,Adult,Danielle Steel,Legacy (358),Legacy - Danielle Steel.mobi
Legacy_ A Novel - Danielle Steel,millervillenas,ebooks,Adult,Danielle Steel,Legacy_ A Novel (73),Legacy_ A Novel - Danielle Steel.epub
Legion - Julie Kagawa,millervillenas,ebooks,Adult,Julie Kagawa,Legion (739),Legion - Julie Kagawa.epub
Lessons in Chemistry - Bonnie Garmus,millervillenas,ebooks,Adult,Bonnie Garmus,Lessons in Chemistry (1290),Lessons in Chemistry - Bonnie Garmus.epub
Let It Ride - Vivian Arend,millervillenas,ebooks,Adult,Vivian Arend,Let It Ride (387),Let It Ride - Vivian Arend.epub
Lick_ Stage Dive (Book 1) - Kylie Scott,millervillenas,ebooks,Adult,Kylie Scott,Lick_ Stage Dive (Book 1) (1510),Lick_ Stage Dive (Book 1) - Kylie Scott.epub
Lie or Die_ A Shelby Nichols Ad - Colleen Helme,millervillenas,ebooks,Adult,Colleen Helme,Lie or Die_ A Shelby Nichols Advent (617),Lie or Die_ A Shelby Nichols Ad - Colleen Helme.epub
Lies_ Web of Sin book #2 - Aleatha Romig,millervillenas,ebooks,Adult,Aleatha Romig,Lies_ Web of Sin book #2 (680),Lies_ Web of Sin book #2 - Aleatha Romig.epub
Light Me Up - Karla Sorensen,millervillenas,ebooks,Adult,Karla Sorensen,Light Me Up (949),Light Me Up - Karla Sorensen.epub
Lightning - Danielle Steel,millervillenas,ebooks,Adult,Danielle Steel,Lightning (86),Lightning - Danielle Steel.epub
List - Unknown,millervillenas,ebooks,Adult,Unknown,List (220),List - Unknown.mobi
Little Lies - H Hunting,millervillenas,ebooks,Adult,H Hunting,Little Lies (1378),Little Lies - H Hunting.epub
Locked and Loaded - Samantha Cayto,millervillenas,ebooks,Adult,Samantha Cayto,Locked and Loaded (13),Locked and Loaded - Samantha Cayto.epub
Logan's Need - Sloane Kennedy,millervillenas,ebooks,Adult,Sloane Kennedy,Logan's Need (1088),Logan's Need - Sloane Kennedy.epub
London Bound - Amy Daws,millervillenas,ebooks,Adult,Amy Daws,London Bound (919),London Bound - Amy Daws.mobi
Lone Prince_ An Accidental Preg - Lilian Monroe,millervillenas,ebooks,Adult,Lilian Monroe,Lone Prince_ An Accidental Pregnanc (990),Lone Prince_ An Accidental Preg - Lilian Monroe.epub
Lone eagle - Danielle Steel,millervillenas,ebooks,Adult,Danielle Steel,Lone eagle (103),Lone eagle - Danielle Steel.mobi
Lonesome Bride - Megan Hart,millervillenas,ebooks,Adult,Megan Hart,Lonesome Bride (56),Lonesome Bride - Megan Hart.epub
Long Way Down (Calloway Sisters - Krista Ritchie,millervillenas,ebooks,Adult,Krista Ritchie,Long Way Down (Calloway Sisters) (1222),Long Way Down (Calloway Sisters - Krista Ritchie.mobi
Look The Part - Jewl E. Ann,millervillenas,ebooks,Adult,Jewl E. Ann,Look The Part (1474),Look The Part - Jewl E. Ann.mobi
Lord of Shadows - Cassandra Clare,millervillenas,ebooks,Adult,Cassandra Clare,Lord of Shadows (738),Lord of Shadows - Cassandra Clare.epub
Losing Hope_ A Novel - Colleen Hoover,millervillenas,ebooks,Adult,Colleen Hoover,Losing Hope_ A Novel (1254),Losing Hope_ A Novel - Colleen Hoover.epub
Lost (The Everett Gaming Series - Drew Sera,millervillenas,ebooks,Adult,Drew Sera,Lost (The Everett Gaming Series Boo (604),Lost (The Everett Gaming Series - Drew Sera.epub
Lost Stars 3 When We Were Reckl - Emery Rose,millervillenas,ebooks,Adult,Emery Rose,Lost Stars 3 When We Were Reckless (1068),Lost Stars 3 When We Were Reckl - Emery Rose.mobi
Love Over Lattes - Diana A. Hicks,millervillenas,ebooks,Adult,Diana A. Hicks,Love Over Lattes (1093),Love Over Lattes - Diana A. Hicks.mobi
Love The Way You Kiss Me - W. Winters,millervillenas,ebooks,Adult,W. Winters,Love The Way You Kiss Me (831),Love The Way You Kiss Me - W. Winters.mobi
Love Thy Neighbor (Friend-Zoned - Belle Aurora,millervillenas,ebooks,Adult,Belle Aurora,Love Thy Neighbor (Friend-Zoned #2) (918),Love Thy Neighbor (Friend-Zoned - Belle Aurora.epub
Love and Let Die - Lexi Blake,millervillenas,ebooks,Adult,Lexi Blake,Love and Let Die (258),Love and Let Die - Lexi Blake.epub
Love and Tequila Make Her Crazy - Brittanee Nicole,millervillenas,ebooks,Adult,Brittanee Nicole,Love and Tequila Make Her Crazy (Br (1498),Love and Tequila Make Her Crazy - Brittanee Nicole.mobi
Love the One You're With - Lauren Layne,millervillenas,ebooks,Adult,Lauren Layne,Love the One You're With (1267),Love the One You're With - Lauren Layne.epub
"Love the Way You Lie (Stripped - Warren, Skye",millervillenas,ebooks,Adult,"Warren, Skye",Love the Way You Lie (Stripped Book (679),"Love the Way You Lie (Stripped - Warren, Skye.epub"
Love the Way You Lie - Skye Warren,millervillenas,ebooks,Adult,Skye Warren,Love the Way You Lie (524),Love the Way You Lie - Skye Warren.epub
"Love's Second Chance - Dover, L. P_",millervillenas,ebooks,Adult,"Dover, L. P_",Love's Second Chance (654),"Love's Second Chance - Dover, L. P_.epub"
Loving Whiskey (Falling For Whi - Brittanee Nicole,millervillenas,ebooks,Adult,Brittanee Nicole,Loving Whiskey (Falling For Whiskey (1530),Loving Whiskey (Falling For Whi - Brittanee Nicole.epub
Loving You Easy - Roni Loren,millervillenas,ebooks,Adult,Roni Loren,Loving You Easy (853),Loving You Easy - Roni Loren.epub
Lucky Shot_ A Brooklyn Bruisers - Sarina Bowen,millervillenas,ebooks,Adult,Sarina Bowen,Lucky Shot_ A Brooklyn Bruisers Sto (1338),Lucky Shot_ A Brooklyn Bruisers - Sarina Bowen.mobi
Luscious - Lexi Blake,millervillenas,ebooks,Adult,Lexi Blake,Luscious (272),Luscious - Lexi Blake.epub
MATT (The Hartwell Brothers Boo - M. S. Parker,millervillenas,ebooks,Adult,M. S. Parker,MATT (The Hartwell Brothers Book 2) (1090),MATT (The Hartwell Brothers Boo - M. S. Parker.epub
"MINE FOR TONIGHT (The Billionai - Scott, J.S_",millervillenas,ebooks,Adult,"Scott, J.S_",MINE FOR TONIGHT (The Billionaire's (354),"MINE FOR TONIGHT (The Billionai - Scott, J.S_.epub"
MINE FOREVER (BOOK III_ The Bil - J. S. Scott,millervillenas,ebooks,Adult,J. S. Scott,MINE FOREVER (BOOK III_ The Billion (353),MINE FOREVER (BOOK III_ The Bil - J. S. Scott.epub
Made of Steel - Ivy Smoak,millervillenas,ebooks,Adult,Ivy Smoak,Made of Steel (778),Made of Steel - Ivy Smoak.epub
Magic Breaks - Ilona Andrews,millervillenas,ebooks,Adult,Ilona Andrews,Magic Breaks (624),Magic Breaks - Ilona Andrews.epub
Magic Shifts - Ilona Andrews,millervillenas,ebooks,Adult,Ilona Andrews,Magic Shifts (625),Magic Shifts - Ilona Andrews.epub
"Mai Tai'd Up (Cocktail, #4) - Alice Clayton",millervillenas,ebooks,Adult,Alice Clayton,"Mai Tai'd Up (Cocktail, #4) (403)","Mai Tai'd Up (Cocktail, #4) - Alice Clayton.mobi"
Make It A Double - Sawyer Bennett,millervillenas,ebooks,Adult,Sawyer Bennett,Make It A Double (1042),Make It A Double - Sawyer Bennett.mobi
Make Me Yours - Melanie Harlow,millervillenas,ebooks,Adult,Melanie Harlow,Make Me Yours (1037),Make Me Yours - Melanie Harlow.epub
"Make Me, Sir (Masters of the Sh - Cherise Sinclair",millervillenas,ebooks,Adult,Cherise Sinclair,"Make Me, Sir (Masters of the Shadow (426)","Make Me, Sir (Masters of the Sh - Cherise Sinclair.mobi"
Make You Mine - Jackie Ashenden,millervillenas,ebooks,Adult,Jackie Ashenden,Make You Mine (294),Make You Mine - Jackie Ashenden.mobi
Make-Believe Match_ A marriage - Melanie Harlow,millervillenas,ebooks,Adult,Melanie Harlow,Make-Believe Match_ A marriage of c (1442),Make-Believe Match_ A marriage - Melanie Harlow.mobi
Making Up - Helena Hunting,millervillenas,ebooks,Adult,Helena Hunting,Making Up (1140),Making Up - Helena Hunting.mobi
March (Calendar Girl #3) - Audrey Carlan,millervillenas,ebooks,Adult,Audrey Carlan,March (Calendar Girl #3) (357),March (Calendar Girl #3) - Audrey Carlan.epub
March_ Calendar Girl Book 3 - Audrey Carlan,millervillenas,ebooks,Adult,Audrey Carlan,March_ Calendar Girl Book 3 (264),March_ Calendar Girl Book 3 - Audrey Carlan.mobi
Martini Lunch_ The Stiletto Sis - Ainsley St Claire,millervillenas,ebooks,Adult,Ainsley St Claire,Martini Lunch_ The Stiletto Sisters (1077),Martini Lunch_ The Stiletto Sis - Ainsley St Claire.mobi
Masters of the Shadowlands 7 - - Cherise Sinclair,millervillenas,ebooks,Adult,Cherise Sinclair,Masters of the Shadowlands 7 - This (432),Masters of the Shadowlands 7 - - Cherise Sinclair.epub
Matched - Jamie Farrell,millervillenas,ebooks,Adult,Jamie Farrell,Matched (1278),Matched - Jamie Farrell.epub
Matchmaker (Empire High Book 4) - Ivy Smoak,millervillenas,ebooks,Adult,Ivy Smoak,Matchmaker (Empire High Book 4) (812),Matchmaker (Empire High Book 4) - Ivy Smoak.mobi
Matchmaker - Lauren Landish,millervillenas,ebooks,Adult,Lauren Landish,Matchmaker (884),Matchmaker - Lauren Landish.mobi
Matters of the Hart (The Hart S - M.E. Carter,millervillenas,ebooks,Adult,M.E. Carter,Matters of the Hart (The Hart Serie (1240),Matters of the Hart (The Hart S - M.E. Carter.epub
Matters of the Heart - Danielle Steel,millervillenas,ebooks,Adult,Danielle Steel,Matters of the Heart (124),Matters of the Heart - Danielle Steel.mobi
Matters to Me_ A Football Roman - M.E. Carter,millervillenas,ebooks,Adult,M.E. Carter,Matters to Me_ A Football Romance ( (1243),Matters to Me_ A Football Roman - M.E. Carter.epub
Matthew Caldwell The Untouchabl - Ivy Smoak,millervillenas,ebooks,Adult,Ivy Smoak,Matthew Caldwell The Untouchable (824),Matthew Caldwell The Untouchabl - Ivy Smoak.mobi
May (Calendar Girl #5) - Audrey Carlan,millervillenas,ebooks,Adult,Audrey Carlan,May (Calendar Girl #5) (356),May (Calendar Girl #5) - Audrey Carlan.epub
May_ Calendar Girl Book 5 - Audrey Carlan,millervillenas,ebooks,Adult,Audrey Carlan,May_ Calendar Girl Book 5 (265),May_ Calendar Girl Book 5 - Audrey Carlan.epub
Maybe Someday - Colleen Hoover,millervillenas,ebooks,Adult,Colleen Hoover,Maybe Someday (1256),Maybe Someday - Colleen Hoover.epub
Maybe Someday Anthology - Colleen Hoover,millervillenas,ebooks,Adult,Colleen Hoover,Maybe Someday Anthology (1261),Maybe Someday Anthology - Colleen Hoover.epub
"Meant for Me (A Second Chance s - Dover, L.P_",millervillenas,ebooks,Adult,"Dover, L.P_",Meant for Me (A Second Chance stand (657),"Meant for Me (A Second Chance s - Dover, L.P_.epub"
Meet Cute - Helena Hunting,millervillenas,ebooks,Adult,Helena Hunting,Meet Cute (1130),Meet Cute - Helena Hunting.mobi
Melt Into You - Roni Loren,millervillenas,ebooks,Adult,Roni Loren,Melt Into You (444),Melt Into You - Roni Loren.mobi
Merciless - Willow Winters,millervillenas,ebooks,Adult,Willow Winters,Merciless (645),Merciless - Willow Winters.mobi
Mercy (Salacious Players' Club) - Sara Cate,millervillenas,ebooks,Adult,Sara Cate,Mercy (Salacious Players' Club) (1298),Mercy (Salacious Players' Club) - Sara Cate.epub
Mercy - Denise Hall,millervillenas,ebooks,Adult,Denise Hall,Mercy (593),Mercy - Denise Hall.epub
Merried - Jamie Farrell,millervillenas,ebooks,Adult,Jamie Farrell,Merried (1276),Merried - Jamie Farrell.epub
Microsoft Word - Sex & Sub 21d. - User,millervillenas,ebooks,Adult,User,Microsoft Word - Sex & Sub 21d.doc (234),Microsoft Word - Sex & Sub 21d. - User.mobi
Midnight Action - Elle Kennedy,millervillenas,ebooks,Adult,Elle Kennedy,Midnight Action (1486),Midnight Action - Elle Kennedy.mobi
Midnight Alias_ A Killer Instin - Elle Kennedy,millervillenas,ebooks,Adult,Elle Kennedy,Midnight Alias_ A Killer Instincts (1492),Midnight Alias_ A Killer Instin - Elle Kennedy.epub
Midnight Captive - Elle Kennedy,millervillenas,ebooks,Adult,Elle Kennedy,Midnight Captive (1487),Midnight Captive - Elle Kennedy.epub
Midnight Games_ A Killer Instin - Elle Kennedy,millervillenas,ebooks,Adult,Elle Kennedy,Midnight Games_ A Killer Instincts (407),Midnight Games_ A Killer Instin - Elle Kennedy.epub
Midnight Pursuits - Elle Kennedy,millervillenas,ebooks,Adult,Elle Kennedy,Midnight Pursuits (1488),Midnight Pursuits - Elle Kennedy.epub
Midnight Rescue_ A Killer Insti - Elle Kennedy,millervillenas,ebooks,Adult,Elle Kennedy,Midnight Rescue_ A Killer Instincts (408),Midnight Rescue_ A Killer Insti - Elle Kennedy.epub
"Midnight Rescue_ A Killer Insti - Kennedy, Elle",millervillenas,ebooks,Adult,"Kennedy, Elle",Midnight Rescue_ A Killer Instincts (1491),"Midnight Rescue_ A Killer Insti - Kennedy, Elle.epub"
Midnight Revenge - Elle Kennedy,millervillenas,ebooks,Adult,Elle Kennedy,Midnight Revenge (1489),Midnight Revenge - Elle Kennedy.mobi
Midnight Target - Elle Kennedy,millervillenas,ebooks,Adult,Elle Kennedy,Midnight Target (1501),Midnight Target - Elle Kennedy.epub
Miles Ever After (Miles High Se - T L Swan,millervillenas,ebooks,Adult,T L Swan,Miles Ever After (Miles High Series (1452),Miles Ever After (Miles High Se - T L Swan.mobi
Mine Completely - J. S. Scott,millervillenas,ebooks,Adult,J. S. Scott,Mine Completely (171),Mine Completely - J. S. Scott.mobi
Mine To Take (Nine Circles) - Jackie Ashenden,millervillenas,ebooks,Adult,Jackie Ashenden,Mine To Take (Nine Circles) (298),Mine To Take (Nine Circles) - Jackie Ashenden.mobi
Mine for Now - J. S. Scott,millervillenas,ebooks,Adult,J. S. Scott,Mine for Now (169),Mine for Now - J. S. Scott.mobi
Mine for Now - The Billionaire' - J. S. Scott,millervillenas,ebooks,Adult,J. S. Scott,Mine for Now - The Billionaire's Ob (355),Mine for Now - The Billionaire' - J. S. Scott.mobi
Mine for tonight - J. S. Scott,millervillenas,ebooks,Adult,J. S. Scott,Mine for tonight (168),Mine for tonight - J. S. Scott.epub
Mine forever - J. S. Scott,millervillenas,ebooks,Adult,J. S. Scott,Mine forever (172),Mine forever - J. S. Scott.mobi
Mine to Dare_Menage on a Train_ - Alice Gaines,millervillenas,ebooks,Adult,Alice Gaines,Mine to Dare_Menage on a Train_Gilt (202),Mine to Dare_Menage on a Train_ - Alice Gaines.epub
Mine to Hold 6 - Shayla Black,millervillenas,ebooks,Adult,Shayla Black,Mine to Hold 6 (1407),Mine to Hold 6 - Shayla Black.mobi
Miracle - Danielle Steel,millervillenas,ebooks,Adult,Danielle Steel,Miracle (102),Miracle - Danielle Steel.epub
Mirror of My Soul - Joey W. Hill,millervillenas,ebooks,Adult,Joey W. Hill,Mirror of My Soul (277),Mirror of My Soul - Joey W. Hill.mobi
Mischief and the Masters (Maste - Cherise Sinclair,millervillenas,ebooks,Adult,Cherise Sinclair,Mischief and the Masters (Masters o (431),Mischief and the Masters (Maste - Cherise Sinclair.mobi
Misconduct - Penelope Douglas,millervillenas,ebooks,Adult,Penelope Douglas,Misconduct (1422),Misconduct - Penelope Douglas.mobi
Missing Pieces (Men of Manhatta - Ivy Smoak,millervillenas,ebooks,Adult,Ivy Smoak,Missing Pieces (Men of Manhattan Bo (815),Missing Pieces (Men of Manhatta - Ivy Smoak.epub
Mister O - Lauren Blakely,millervillenas,ebooks,Adult,Lauren Blakely,Mister O (1110),Mister O - Lauren Blakely.epub
Mistress of Redemption - Joey W. Hill,millervillenas,ebooks,Adult,Joey W. Hill,Mistress of Redemption (276),Mistress of Redemption - Joey W. Hill.mobi
Monster Prick - Kendall Ryan,millervillenas,ebooks,Adult,Kendall Ryan,Monster Prick (305),Monster Prick - Kendall Ryan.mobi
Moody - Penelope Ward,millervillenas,ebooks,Adult,Penelope Ward,Moody (1622),Moody - Penelope Ward.epub
"Moon_ 10 (New Species) - Dohner, Laurann",millervillenas,ebooks,Adult,"Dohner, Laurann",Moon_ 10 (New Species) (575),"Moon_ 10 (New Species) - Dohner, Laurann.epub"
Moonlight on Nightingale Way_ A - Samantha Young,millervillenas,ebooks,Adult,Samantha Young,Moonlight on Nightingale Way_ An on (285),Moonlight on Nightingale Way_ A - Samantha Young.epub
Moonshine Kiss (Bootleg Springs - Lucy Score,millervillenas,ebooks,Adult,Lucy Score,Moonshine Kiss (Bootleg Springs Boo (1544),Moonshine Kiss (Bootleg Springs - Lucy Score.mobi
More Than Enough (More Than Ser - Jay McLean,millervillenas,ebooks,Adult,Jay McLean,"More Than Enough (More Than Series, (531)",More Than Enough (More Than Ser - Jay McLean.epub
More Than Forever - Jay McLean,millervillenas,ebooks,Adult,Jay McLean,More Than Forever (533),More Than Forever - Jay McLean.epub
"More Than Her - McLean, Jay",millervillenas,ebooks,Adult,"McLean, Jay",More Than Her (534),"More Than Her - McLean, Jay.epub"
More Than Him - Jay McLean,millervillenas,ebooks,Adult,Jay McLean,More Than Him (532),More Than Him - Jay McLean.epub
"More Than This - McLean, Jay",millervillenas,ebooks,Adult,"McLean, Jay",More Than This (535),"More Than This - McLean, Jay.epub"
Mortal Danger - Eileen Wilks,millervillenas,ebooks,Adult,Eileen Wilks,Mortal Danger (455),Mortal Danger - Eileen Wilks.epub
Mortal Sins - Eileen Wilks,millervillenas,ebooks,Adult,Eileen Wilks,Mortal Sins (457),Mortal Sins - Eileen Wilks.epub
Most Irresistible Guy - Lauren Blakely,millervillenas,ebooks,Adult,Lauren Blakely,Most Irresistible Guy (1366),Most Irresistible Guy - Lauren Blakely.mobi
"Most Likely To Flirt - Blakely, Lauren",millervillenas,ebooks,Adult,"Blakely, Lauren",Most Likely To Flirt (1365),"Most Likely To Flirt - Blakely, Lauren.epub"
Most Likely To Score - Lauren Blakely,millervillenas,ebooks,Adult,Lauren Blakely,Most Likely To Score (1364),Most Likely To Score - Lauren Blakely.epub
Most Valuable Playboy - Lauren Blakely,millervillenas,ebooks,Adult,Lauren Blakely,Most Valuable Playboy (1362),Most Valuable Playboy - Lauren Blakely.epub
Motorhead - Lauren Landish,millervillenas,ebooks,Adult,Lauren Landish,Motorhead (890),Motorhead - Lauren Landish.epub
Mr. Beautiful - R.K. Lilley,millervillenas,ebooks,Adult,R.K. Lilley,Mr. Beautiful (601),Mr. Beautiful - R.K. Lilley.epub
Mr. Fiance - Lauren Landish,millervillenas,ebooks,Adult,Lauren Landish,Mr. Fiance (891),Mr. Fiance - Lauren Landish.mobi
Muse in Lingerie_ Lingerie #1 - Penelope Sky,millervillenas,ebooks,Adult,Penelope Sky,Muse in Lingerie_ Lingerie #1 (705),Muse in Lingerie_ Lingerie #1 - Penelope Sky.epub
Must Love Alligators_ A Boys of - Erin Nicholas,millervillenas,ebooks,Adult,Erin Nicholas,Must Love Alligators_ A Boys of the (1029),Must Love Alligators_ A Boys of - Erin Nicholas.mobi
"Must Love Curves (Six Wicked Sh - Wick, Christa",millervillenas,ebooks,Adult,"Wick, Christa",Must Love Curves (Six Wicked Shorts (350),"Must Love Curves (Six Wicked Sh - Wick, Christa.mobi"
Must Love Curves_ Six Wicked Sh - Christa Wick,millervillenas,ebooks,Adult,Christa Wick,Must Love Curves_ Six Wicked Shorts (143),Must Love Curves_ Six Wicked Sh - Christa Wick.epub
My Best Friend's Ex - Quinn,millervillenas,ebooks,Adult,Quinn,My Best Friend's Ex (1209),My Best Friend's Ex - Quinn.epub
My Best Friend's Mardi Gras Wed - Erin Nicholas,millervillenas,ebooks,Adult,Erin Nicholas,My Best Friend's Mardi Gras Wedding (1020),My Best Friend's Mardi Gras Wed - Erin Nicholas.mobi
My Husband's Girlfriend_ A comp - Sheryl Browne,millervillenas,ebooks,Adult,Sheryl Browne,My Husband's Girlfriend_ A complete (714),My Husband's Girlfriend_ A comp - Sheryl Browne.epub
My One And Only (Very Irresisti - Layla Hagen,millervillenas,ebooks,Adult,Layla Hagen,My One And Only (Very Irresistible (862),My One And Only (Very Irresisti - Layla Hagen.epub
My Skylar - Penelope Ward,millervillenas,ebooks,Adult,Penelope Ward,My Skylar (1614),My Skylar - Penelope Ward.mobi
My Temptation (Kingston Lane) - T.L. Swan,millervillenas,ebooks,Adult,T.L. Swan,My Temptation (Kingston Lane) (1419),My Temptation (Kingston Lane) - T.L. Swan.mobi
Naked - Megan Hart,millervillenas,ebooks,Adult,Megan Hart,Naked (55),Naked - Megan Hart.epub
Nasty (Dirty Nasty Freaks Book - Callie Hart,millervillenas,ebooks,Adult,Callie Hart,Nasty (Dirty Nasty Freaks Book 2) (979),Nasty (Dirty Nasty Freaks Book - Callie Hart.epub
NaturalLaw - Joey W. Hill,millervillenas,ebooks,Adult,Joey W. Hill,NaturalLaw (281),NaturalLaw - Joey W. Hill.epub
Nature of Desire 8 - Divine sol - Hill Joey W_,millervillenas,ebooks,Adult,Hill Joey W_,Nature of Desire 8 - Divine solace (280),Nature of Desire 8 - Divine sol - Hill Joey W_.epub
Need You Tonight - Roni Loren,millervillenas,ebooks,Adult,Roni Loren,Need You Tonight (442),Need You Tonight - Roni Loren.mobi
Neighbor Dearest - Penelope Ward,millervillenas,ebooks,Adult,Penelope Ward,Neighbor Dearest (1618),Neighbor Dearest - Penelope Ward.epub
Never Let You Go - Chevy Stevens,millervillenas,ebooks,Adult,Chevy Stevens,Never Let You Go (770),Never Let You Go - Chevy Stevens.mobi
Never Never_ The Complete Serie - Colleen Hoover,millervillenas,ebooks,Adult,Colleen Hoover,Never Never_ The Complete Series (1260),Never Never_ The Complete Serie - Colleen Hoover.mobi
Never Seduce a Scot_ The Montgo - Maya Banks,millervillenas,ebooks,Adult,Maya Banks,Never Seduce a Scot_ The Montgomery (231),Never Seduce a Scot_ The Montgo - Maya Banks.mobi
"Next In Line - Daws, Amy",millervillenas,ebooks,Adult,"Daws, Amy",Next In Line (1074),"Next In Line - Daws, Amy.epub"
Next to Never - Penelope Douglas,millervillenas,ebooks,Adult,Penelope Douglas,Next to Never (1463),Next to Never - Penelope Douglas.epub
Night After Night - Lauren Blakely,millervillenas,ebooks,Adult,Lauren Blakely,Night After Night (908),Night After Night - Lauren Blakely.epub
Night Season - Eileen Wilks,millervillenas,ebooks,Adult,Eileen Wilks,Night Season (456),Night Season - Eileen Wilks.epub
Night of Cake & Puppets - Laini Taylor,millervillenas,ebooks,Adult,Laini Taylor,Night of Cake & Puppets (759),Night of Cake & Puppets - Laini Taylor.epub
Nightfall - Penelope Douglas,millervillenas,ebooks,Adult,Penelope Douglas,Nightfall (1428),Nightfall - Penelope Douglas.epub
Nights With Him (Seductive Nigh - Lauren Blakely,millervillenas,ebooks,Adult,Lauren Blakely,"Nights With Him (Seductive Nights, (920)",Nights With Him (Seductive Nigh - Lauren Blakely.epub
Nights With Him - Lauren Blakely,millervillenas,ebooks,Adult,Lauren Blakely,Nights With Him (907),Nights With Him - Lauren Blakely.epub
Nine Month Contract_ A Small To - Amy Daws,millervillenas,ebooks,Adult,Amy Daws,Nine Month Contract_ A Small Town G (1525),Nine Month Contract_ A Small To - Amy Daws.epub
No Greater Pleasure - Megan Hart,millervillenas,ebooks,Adult,Megan Hart,No Greater Pleasure (54),No Greater Pleasure - Megan Hart.epub
No More Secrets_ A Small Town L - Lucy Score,millervillenas,ebooks,Adult,Lucy Score,No More Secrets_ A Small Town Love (1580),No More Secrets_ A Small Town L - Lucy Score.epub
No Reservations - Megan Hart,millervillenas,ebooks,Adult,Megan Hart,No Reservations (201),No Reservations - Megan Hart.epub
No Whisk No Reward - Smartypants Romance,millervillenas,ebooks,Adult,Smartypants Romance,No Whisk No Reward (958),No Whisk No Reward - Smartypants Romance.epub
"Not My Daughter - Delinsky, Barbara",millervillenas,ebooks,Adult,"Delinsky, Barbara",Not My Daughter (21),"Not My Daughter - Delinsky, Barbara.mobi"
Not My Kind of Hero - Pippa Grant,millervillenas,ebooks,Adult,Pippa Grant,Not My Kind of Hero (1373),Not My Kind of Hero - Pippa Grant.epub
Not Part of the Plan_ A Small T - Lucy Score,millervillenas,ebooks,Adult,Lucy Score,Not Part of the Plan_ A Small Town (1577),Not Part of the Plan_ A Small T - Lucy Score.epub
Not Pretending Anymore - Penelope Ward,millervillenas,ebooks,Adult,Penelope Ward,Not Pretending Anymore (1387),Not Pretending Anymore - Penelope Ward.mobi
Not the One - Amy Daws,millervillenas,ebooks,Adult,Amy Daws,Not the One (939),Not the One - Amy Daws.mobi
Nothing Between Us - Roni Loren,millervillenas,ebooks,Adult,Roni Loren,Nothing Between Us (438),Nothing Between Us - Roni Loren.mobi
Nothing But Sex - Fran Lee,millervillenas,ebooks,Adult,Fran Lee,Nothing But Sex (349),Nothing But Sex - Fran Lee.epub
Nothing Less - Anna Todd,millervillenas,ebooks,Adult,Anna Todd,Nothing Less (783),Nothing Less - Anna Todd.epub
Nothing More - Anna Todd,millervillenas,ebooks,Adult,Anna Todd,Nothing More (786),Nothing More - Anna Todd.epub
Nothing but Sex_ Cougar Challen - Fran Lee,millervillenas,ebooks,Adult,Fran Lee,Nothing but Sex_ Cougar Challenge (15),Nothing but Sex_ Cougar Challen - Fran Lee.mobi
Nothing but Sex_ Cougar Challenge - Fran Lee,millervillenas,ebooks,Adult,Fran Lee,Nothing but Sex_ Cougar Challenge (15),Nothing but Sex_ Cougar Challenge - Fran Lee.epub
November 9_ A Novel - Colleen Hoover,millervillenas,ebooks,Adult,Colleen Hoover,November 9_ A Novel (1244),November 9_ A Novel - Colleen Hoover.epub
November_ Calendar Girl Book 11 - Audrey Carlan,millervillenas,ebooks,Adult,Audrey Carlan,November_ Calendar Girl Book 11 (266),November_ Calendar Girl Book 11 - Audrey Carlan.mobi
Now Open Your Eyes (Stay With M - Nicole Fiorina,millervillenas,ebooks,Adult,Nicole Fiorina,Now Open Your Eyes (Stay With Me se (724),Now Open Your Eyes (Stay With M - Nicole Fiorina.epub
Nowhere but Here - Katie McGarry,millervillenas,ebooks,Adult,Katie McGarry,Nowhere but Here (436),Nowhere but Here - Katie McGarry.epub
Numbers - Laurann Dohner,millervillenas,ebooks,Adult,Laurann Dohner,Numbers (571),Numbers - Laurann Dohner.epub
Nuts - Alice Clayton,millervillenas,ebooks,Adult,Alice Clayton,Nuts (417),Nuts - Alice Clayton.epub
Obsessed - Ivy Smoak,millervillenas,ebooks,Adult,Ivy Smoak,Obsessed (1435),Obsessed - Ivy Smoak.epub
"Obsidian (New Species, Book Eig - Dohner, Laurann",millervillenas,ebooks,Adult,"Dohner, Laurann","Obsidian (New Species, Book Eight) (578)","Obsidian (New Species, Book Eig - Dohner, Laurann.epub"
October_ Calendar Girl Book 10 - Audrey Carlan,millervillenas,ebooks,Adult,Audrey Carlan,October_ Calendar Girl Book 10 (267),October_ Calendar Girl Book 10 - Audrey Carlan.mobi
Off Limits (Playboys of New Yor - JA Low,millervillenas,ebooks,Adult,JA Low,Off Limits (Playboys of New York Bo (978),Off Limits (Playboys of New Yor - JA Low.epub
Omens_ The Dark in You [Book 6] - Suzanne Wright,millervillenas,ebooks,Adult,Suzanne Wright,Omens_ The Dark in You [Book 6] (728),Omens_ The Dark in You [Book 6] - Suzanne Wright.mobi
On Dublin Street - Samantha Young,millervillenas,ebooks,Adult,Samantha Young,On Dublin Street (290),On Dublin Street - Samantha Young.epub
On Dublin Street 06 Moonlight o - Samantha Young,millervillenas,ebooks,Adult,Samantha Young,On Dublin Street 06 Moonlight on Ni (636),On Dublin Street 06 Moonlight o - Samantha Young.epub
On Fire - Sylvia Day,millervillenas,ebooks,Adult,Sylvia Day,On Fire (364),On Fire - Sylvia Day.mobi
On My Knees (Bridge) (Volume 1) - Meredith Wild,millervillenas,ebooks,Adult,Meredith Wild,On My Knees (Bridge) (Volume 1) (273),On My Knees (Bridge) (Volume 1) - Meredith Wild.epub
On My Knees - Meredith Wild,millervillenas,ebooks,Adult,Meredith Wild,On My Knees (347),On My Knees - Meredith Wild.mobi
On The Rocks - Sawyer Bennett,millervillenas,ebooks,Adult,Sawyer Bennett,On The Rocks (1044),On The Rocks - Sawyer Bennett.mobi
On the Way to the Wedding - Julia Quinn,millervillenas,ebooks,Adult,Julia Quinn,On the Way to the Wedding (1564),On the Way to the Wedding - Julia Quinn.epub
On_Her_Masters_Secret_Service_i - Lexi_Blake,millervillenas,ebooks,Adult,Lexi_Blake,On_Her_Masters_Secret_Service_iTune (252),On_Her_Masters_Secret_Service_i - Lexi_Blake.epub
Once Upon A_ Book 1 The Stained - Charlotte E Hart,millervillenas,ebooks,Adult,Charlotte E Hart,Once Upon A_ Book 1 The Stained Due (475),Once Upon A_ Book 1 The Stained - Charlotte E Hart.epub
One Baby Daddy - Meghan Quinn,millervillenas,ebooks,Adult,Meghan Quinn,One Baby Daddy (1193),One Baby Daddy - Meghan Quinn.mobi
One Beautiful Promise - Layla Hagen,millervillenas,ebooks,Adult,Layla Hagen,One Beautiful Promise (861),One Beautiful Promise - Layla Hagen.mobi
One Day at a Time - Danielle Steel,millervillenas,ebooks,Adult,Danielle Steel,One Day at a Time (127),One Day at a Time - Danielle Steel.epub
One Moment Please_ A Surprise P - Amy Daws,millervillenas,ebooks,Adult,Amy Daws,One Moment Please_ A Surprise Pregn (1073),One Moment Please_ A Surprise P - Amy Daws.epub
One More Night (Seductive Night - Lauren Blakely,millervillenas,ebooks,Adult,Lauren Blakely,One More Night (Seductive Nights_ J (909),One More Night (Seductive Night - Lauren Blakely.epub
One More Night - Lauren Blakely,millervillenas,ebooks,Adult,Lauren Blakely,One More Night (937),One More Night - Lauren Blakely.epub
One Night With Her - Lauren Blakely,millervillenas,ebooks,Adult,Lauren Blakely,One Night With Her (899),One Night With Her - Lauren Blakely.epub
One Night_ Denied - Jodi Ellen Malpas,millervillenas,ebooks,Adult,Jodi Ellen Malpas,One Night_ Denied (515),One Night_ Denied - Jodi Ellen Malpas.epub
One Night_ Promised - Jodi Ellen Malpas,millervillenas,ebooks,Adult,Jodi Ellen Malpas,One Night_ Promised (516),One Night_ Promised - Jodi Ellen Malpas.epub
One Night_ Unveiled - Jodi Ellen Malpas,millervillenas,ebooks,Adult,Jodi Ellen Malpas,One Night_ Unveiled (513),One Night_ Unveiled - Jodi Ellen Malpas.epub
One Perfect Touch (Very Irresis - Layla Hagen,millervillenas,ebooks,Adult,Layla Hagen,One Perfect Touch (Very Irresistibl (865),One Perfect Touch (Very Irresis - Layla Hagen.mobi
One Sexy Ride - Vivian Arend,millervillenas,ebooks,Adult,Vivian Arend,One Sexy Ride (386),One Sexy Ride - Vivian Arend.epub
One Starry Night - Olivia Cunning,millervillenas,ebooks,Adult,Olivia Cunning,One Starry Night (1602),One Starry Night - Olivia Cunning.epub
Only Him - Melanie Harlow,millervillenas,ebooks,Adult,Melanie Harlow,Only Him (1104),Only Him - Melanie Harlow.epub
Only Love (One and Only #3) - Melanie Harlow,millervillenas,ebooks,Adult,Melanie Harlow,Only Love (One and Only #3) (1103),Only Love (One and Only #3) - Melanie Harlow.mobi
Only You - Melanie Harlow,millervillenas,ebooks,Adult,Melanie Harlow,Only You (1105),Only You - Melanie Harlow.mobi
"Oral Sex She'll Never Forget - Sonia Borg, Ph.D_",millervillenas,ebooks,Adult,"Sonia Borg, Ph.D_",Oral Sex She'll Never Forget (635),"Oral Sex She'll Never Forget - Sonia Borg, Ph.D_.epub"
Otterly Irresistible_ Boys of t - Erin Nicholas,millervillenas,ebooks,Adult,Erin Nicholas,Otterly Irresistible_ Boys of the B (1022),Otterly Irresistible_ Boys of t - Erin Nicholas.epub
Ours to Love - Shayla Black,millervillenas,ebooks,Adult,Shayla Black,Ours to Love (1413),Ours to Love - Shayla Black.mobi
Ours_ Book Six in The Everett G - Drew Sera,millervillenas,ebooks,Adult,Drew Sera,Ours_ Book Six in The Everett Gamin (605),Ours_ Book Six in The Everett G - Drew Sera.epub
Out of Breath - Rebecca Donovan,millervillenas,ebooks,Adult,Rebecca Donovan,Out of Breath (507),Out of Breath - Rebecca Donovan.epub
Overheard - Maya Banks,millervillenas,ebooks,Adult,Maya Banks,Overheard (229),Overheard - Maya Banks.mobi
Overnight Sensation - Sarina Bowen,millervillenas,ebooks,Adult,Sarina Bowen,Overnight Sensation (1341),Overnight Sensation - Sarina Bowen.epub
Overtime - Kat Mizera,millervillenas,ebooks,Adult,Kat Mizera,Overtime (1352),Overtime - Kat Mizera.mobi
"Owe Me One (Love, Me & the 303 - Kay Cove",millervillenas,ebooks,Adult,Kay Cove,"Owe Me One (Love, Me & the 303 Seri (1453)","Owe Me One (Love, Me & the 303 - Kay Cove.mobi"
PUCKED Up - Helena Hunting,millervillenas,ebooks,Adult,Helena Hunting,PUCKED Up (1119),PUCKED Up - Helena Hunting.mobi
Paint It All Red - S.T. Abby,millervillenas,ebooks,Adult,S.T. Abby,Paint It All Red (1547),Paint It All Red - S.T. Abby.mobi
"Paint Me Perfect_ Love, Me & th - Kay Cove",millervillenas,ebooks,Adult,Kay Cove,"Paint Me Perfect_ Love, Me & the 30 (1425)","Paint Me Perfect_ Love, Me & th - Kay Cove.mobi"
Parker (Face-Off Series Book 1) - Jillian Quinn,millervillenas,ebooks,Adult,Jillian Quinn,Parker (Face-Off Series Book 1) (1176),Parker (Face-Off Series Book 1) - Jillian Quinn.epub
Passion Model - Megan Hart,millervillenas,ebooks,Adult,Megan Hart,Passion Model (52),Passion Model - Megan Hart.epub
Passions of Chelsea Kane - Barbara Delinsky,millervillenas,ebooks,Adult,Barbara Delinsky,Passions of Chelsea Kane (29),Passions of Chelsea Kane - Barbara Delinsky.mobi
Payback - Amy Daws,millervillenas,ebooks,Adult,Amy Daws,Payback (941),Payback - Amy Daws.mobi
Persephone - Kitty Thomas,millervillenas,ebooks,Adult,Kitty Thomas,Persephone (522),Persephone - Kitty Thomas.epub
Physical Touch - Sierra Hill,millervillenas,ebooks,Adult,Sierra Hill,Physical Touch (1231),Physical Touch - Sierra Hill.mobi
Pipe Dreams - Sarina Bowen,millervillenas,ebooks,Adult,Sarina Bowen,Pipe Dreams (1343),Pipe Dreams - Sarina Bowen.epub
Pirate Girls - Penelope Douglas,millervillenas,ebooks,Adult,Penelope Douglas,Pirate Girls (1528),Pirate Girls - Penelope Douglas.epub
"Play It Again, Sam - Samantha Kane",millervillenas,ebooks,Adult,Samantha Kane,"Play It Again, Sam (6)","Play It Again, Sam - Samantha Kane.mobi"
Play With Me (With Me in Seattl - Kristen Proby,millervillenas,ebooks,Adult,Kristen Proby,Play With Me (With Me in Seattle) (206),Play With Me (With Me in Seattl - Kristen Proby.epub
Play_ Stage Dive (Book 2) - Kylie Scott,millervillenas,ebooks,Adult,Kylie Scott,Play_ Stage Dive (Book 2) (1508),Play_ Stage Dive (Book 2) - Kylie Scott.epub
Playboy Special Collector's Edi - July 2014,millervillenas,ebooks,Adult,Jul-14,Playboy Special Collector's Edition (212),Playboy Special Collector's Edi - July 2014.epub
Playboy Special Collector's Edi - Unknown,millervillenas,ebooks,Adult,Unknown,Playboy Special Collector's Edition (213),Playboy Special Collector's Edi - Unknown.mobi
Playing a Player (Sweet Craving - Ivy Smoak,millervillenas,ebooks,Adult,Ivy Smoak,Playing a Player (Sweet Cravings Bo (810),Playing a Player (Sweet Craving - Ivy Smoak.mobi
"Playing the Field (Hot-Lanta Se - Quinn, Meghan",millervillenas,ebooks,Adult,"Quinn, Meghan",Playing the Field (Hot-Lanta Series (1194),"Playing the Field (Hot-Lanta Se - Quinn, Meghan.mobi"
Playmaker - L. P. Dover,millervillenas,ebooks,Adult,L. P. Dover,Playmaker (658),Playmaker - L. P. Dover.epub
Playmaker_ A Moo U Hockey Roman - Sierra Hill,millervillenas,ebooks,Adult,Sierra Hill,Playmaker_ A Moo U Hockey Romance (1355),Playmaker_ A Moo U Hockey Roman - Sierra Hill.epub
Pleasure and Purpose - Megan Hart,millervillenas,ebooks,Adult,Megan Hart,Pleasure and Purpose (53),Pleasure and Purpose - Megan Hart.epub
Pocket Kama Sutra - Tracey Cox,millervillenas,ebooks,Adult,Tracey Cox,Pocket Kama Sutra (243),Pocket Kama Sutra - Tracey Cox.mobi
Pointe of Breaking - Amy Daws,millervillenas,ebooks,Adult,Amy Daws,Pointe of Breaking (938),Pointe of Breaking - Amy Daws.epub
Possessive - Willow Winters,millervillenas,ebooks,Adult,Willow Winters,Possessive (723),Possessive - Willow Winters.mobi
Praise - Sara Cate,millervillenas,ebooks,Adult,Sara Cate,Praise (1300),Praise - Sara Cate.mobi
Precious and Fragile Things - Megan Hart,millervillenas,ebooks,Adult,Megan Hart,Precious and Fragile Things (51),Precious and Fragile Things - Megan Hart.epub
Precious and Fragile Things - S - Megan Hart,millervillenas,ebooks,Adult,Megan Hart,Precious and Fragile Things - SA (344),Precious and Fragile Things - S - Megan Hart.mobi
"Pretend You're Mine_ A Small To - Score, Lucy",millervillenas,ebooks,Adult,"Score, Lucy",Pretend You're Mine_ A Small Town L (1536),"Pretend You're Mine_ A Small To - Score, Lucy.mobi"
Pretty When You Cry - Skye Warren,millervillenas,ebooks,Adult,Skye Warren,Pretty When You Cry (553),Pretty When You Cry - Skye Warren.epub
Prince Pucking Charming - Jillian Quinn,millervillenas,ebooks,Adult,Jillian Quinn,Prince Pucking Charming (1175),Prince Pucking Charming - Jillian Quinn.epub
Professor Astor (Off-Limits) - Catharina Maura,millervillenas,ebooks,Adult,Catharina Maura,Professor Astor (Off-Limits) (1283),Professor Astor (Off-Limits) - Catharina Maura.epub
Prom Queen - Katee Robert,millervillenas,ebooks,Adult,Katee Robert,Prom Queen (447),Prom Queen - Katee Robert.epub
Promises - Aleatha Romig,millervillenas,ebooks,Adult,Aleatha Romig,Promises (664),Promises - Aleatha Romig.epub
Protecting His Own (Masters of - Cherise Sinclair,millervillenas,ebooks,Adult,Cherise Sinclair,Protecting His Own (Masters of the (428),Protecting His Own (Masters of - Cherise Sinclair.epub
Protecting Piper - Cynthia Eden,millervillenas,ebooks,Adult,Cynthia Eden,Protecting Piper (1204),Protecting Piper - Cynthia Eden.epub
"Protecting What's Mine_ A Small - Score, Lucy",millervillenas,ebooks,Adult,"Score, Lucy",Protecting What's Mine_ A Small Tow (1537),"Protecting What's Mine_ A Small - Score, Lucy.mobi"
Provoke You_ A bodyguard Romanc - Diana A. Hicks,millervillenas,ebooks,Adult,Diana A. Hicks,Provoke You_ A bodyguard Romance (C (1060),Provoke You_ A bodyguard Romanc - Diana A. Hicks.mobi
Pucked - Helena Hunting,millervillenas,ebooks,Adult,Helena Hunting,Pucked (1118),Pucked - Helena Hunting.mobi
Pucked Love - Helena Hunting,millervillenas,ebooks,Adult,Helena Hunting,Pucked Love (1129),Pucked Love - Helena Hunting.epub
Pucked Off (The Pucked Series) - Helena Hunting,millervillenas,ebooks,Adult,Helena Hunting,Pucked Off (The Pucked Series) (1123),Pucked Off (The Pucked Series) - Helena Hunting.mobi
Pucked Over (Pucked #3) - Helena Hunting,millervillenas,ebooks,Adult,Helena Hunting,Pucked Over (Pucked #3) (1120),Pucked Over (Pucked #3) - Helena Hunting.epub
Pucked Under (The Pucked Series - Helena Hunting,millervillenas,ebooks,Adult,Helena Hunting,Pucked Under (The Pucked Series Boo (1121),Pucked Under (The Pucked Series - Helena Hunting.mobi
Pucking Revenge _ A Fake dating - Brittanee Nicole,millervillenas,ebooks,Adult,Brittanee Nicole,"Pucking Revenge _ A Fake dating, fr (1496)",Pucking Revenge _ A Fake dating - Brittanee Nicole.mobi
Punk 57 - Penelope Douglas,millervillenas,ebooks,Adult,Penelope Douglas,Punk 57 (1420),Punk 57 - Penelope Douglas.mobi
Pure - Jennifer L. Armentrout,millervillenas,ebooks,Adult,Jennifer L. Armentrout,Pure (804),Pure - Jennifer L. Armentrout.epub
Put Me in Detention - Meghan Quinn,millervillenas,ebooks,Adult,Meghan Quinn,Put Me in Detention (1180),Put Me in Detention - Meghan Quinn.mobi
Quarterback Sneak_ A Forbidden - Kandi Steiner,millervillenas,ebooks,Adult,Kandi Steiner,Quarterback Sneak_ A Forbidden Spor (1296),Quarterback Sneak_ A Forbidden - Kandi Steiner.epub
Queen Charlotte - Julia Quinn,millervillenas,ebooks,Adult,Julia Quinn,Queen Charlotte (1568),Queen Charlotte - Julia Quinn.epub
Queen in Lingerie_ Lingerie #4 - Penelope Sky,millervillenas,ebooks,Adult,Penelope Sky,Queen in Lingerie_ Lingerie #4 (700),Queen in Lingerie_ Lingerie #4 - Penelope Sky.epub
Queen of Deceit_ A Dark Mafia R - Aidee Jaimes,millervillenas,ebooks,Adult,Aidee Jaimes,Queen of Deceit_ A Dark Mafia Roman (846),Queen of Deceit_ A Dark Mafia R - Aidee Jaimes.epub
Quick Start Guide - John Schember,millervillenas,ebooks,Adult,John Schember,Quick Start Guide (283),Quick Start Guide - John Schember.epub
R.K. Lilley - In Flight (Up In - R. K. Lilley,millervillenas,ebooks,Adult,R. K. Lilley,R.K. Lilley - In Flight (Up In The (713),R.K. Lilley - In Flight (Up In - R. K. Lilley.epub
Rampant (Dark Romance) - Gemma James,millervillenas,ebooks,Adult,Gemma James,Rampant (Dark Romance) (519),Rampant (Dark Romance) - Gemma James.epub
Ransom - Danielle Steel,millervillenas,ebooks,Adult,Danielle Steel,Ransom (101),Ransom - Danielle Steel.mobi
"Rapture (McKenzie Brothers) - Buchanan, Lexi",millervillenas,ebooks,Adult,"Buchanan, Lexi",Rapture (McKenzie Brothers) (936),"Rapture (McKenzie Brothers) - Buchanan, Lexi.epub"
Rapture - Lexi Buchanan,millervillenas,ebooks,Adult,Lexi Buchanan,Rapture (910),Rapture - Lexi Buchanan.mobi
Razor's Edge - Sylvia Day,millervillenas,ebooks,Adult,Sylvia Day,Razor's Edge (325),Razor's Edge - Sylvia Day.epub
Reason Enough - Megan Hart,millervillenas,ebooks,Adult,Megan Hart,Reason Enough (1012),Reason Enough - Megan Hart.epub
Reawaken (Under My Skin Book 2) - Christina Lee,millervillenas,ebooks,Adult,Christina Lee,Reawaken (Under My Skin Book 2) (506),Reawaken (Under My Skin Book 2) - Christina Lee.epub
Rebecca's Assorted Artwork - Unknown,millervillenas,ebooks,Adult,Unknown,Rebecca's Assorted Artwork (173),Rebecca's Assorted Artwork - Unknown.mobi
Rebel - Skye Jordan,millervillenas,ebooks,Adult,Skye Jordan,Rebel (343),Rebel - Skye Jordan.mobi
"Rebel_ Renegades, Book 2 - Joan Swan",millervillenas,ebooks,Adult,Joan Swan,"Rebel_ Renegades, Book 2 (134)","Rebel_ Renegades, Book 2 - Joan Swan.mobi"
Reckless - S. C. Stephens,millervillenas,ebooks,Adult,S. C. Stephens,Reckless (392),Reckless - S. C. Stephens.epub
Redeeming 6_ Boys of Tommen #4 - Chloe Walsh,millervillenas,ebooks,Adult,Chloe Walsh,Redeeming 6_ Boys of Tommen #4 (1548),Redeeming 6_ Boys of Tommen #4 - Chloe Walsh.mobi
Redeeming Kyle 69 Bottles 3 - Zoey Derrick,millervillenas,ebooks,Adult,Zoey Derrick,Redeeming Kyle 69 Bottles 3 (239),Redeeming Kyle 69 Bottles 3 - Zoey Derrick.epub
Redeeming Kyle_ 69 Bottles #3 - Zoey Derrick,millervillenas,ebooks,Adult,Zoey Derrick,Redeeming Kyle_ 69 Bottles #3 (342),Redeeming Kyle_ 69 Bottles #3 - Zoey Derrick.epub
Redemption - Randi Cooley Wilson,millervillenas,ebooks,Adult,Randi Cooley Wilson,Redemption (567),Redemption - Randi Cooley Wilson.epub
Regret (Under My Skin Book 1) - Christina Lee,millervillenas,ebooks,Adult,Christina Lee,Regret (Under My Skin Book 1) (505),Regret (Under My Skin Book 1) - Christina Lee.epub
Regretting You - Colleen Hoover,millervillenas,ebooks,Adult,Colleen Hoover,Regretting You (1251),Regretting You - Colleen Hoover.epub
Rekindled - Barbara Delinsky,millervillenas,ebooks,Adult,Barbara Delinsky,Rekindled (32),Rekindled - Barbara Delinsky.mobi
Remembrance - Danielle Steel,millervillenas,ebooks,Adult,Danielle Steel,Remembrance (100),Remembrance - Danielle Steel.mobi
Reminders of Him - Colleen Hoover,millervillenas,ebooks,Adult,Colleen Hoover,Reminders of Him (1249),Reminders of Him - Colleen Hoover.epub
Replay_ Second Chance Sports Ro - Amy Daws,millervillenas,ebooks,Adult,Amy Daws,Replay_ Second Chance Sports Romanc (942),Replay_ Second Chance Sports Ro - Amy Daws.epub
Restoration (The Revelation Ser - Randi Cooley Wilson,millervillenas,ebooks,Adult,Randi Cooley Wilson,Restoration (The Revelation Series (564),Restoration (The Revelation Ser - Randi Cooley Wilson.epub
Restraint (The Revelation Serie - Randi Cooley Wilson,millervillenas,ebooks,Adult,Randi Cooley Wilson,Restraint (The Revelation Series Bo (566),Restraint (The Revelation Serie - Randi Cooley Wilson.epub
Revenge Era - Brittanee Nicole,millervillenas,ebooks,Adult,Brittanee Nicole,Revenge Era (1495),Revenge Era - Brittanee Nicole.mobi
Revolution (The Revelation Seri - Randi Cooley Wilson,millervillenas,ebooks,Adult,Randi Cooley Wilson,Revolution (The Revelation Series B (565),Revolution (The Revelation Seri - Randi Cooley Wilson.epub
"Rewrite the Rules (Love, Me & t - Kay Cove",millervillenas,ebooks,Adult,Kay Cove,"Rewrite the Rules (Love, Me & the 3 (1427)","Rewrite the Rules (Love, Me & t - Kay Cove.mobi"
Ricochet - Skye Jordan,millervillenas,ebooks,Adult,Skye Jordan,Ricochet (341),Ricochet - Skye Jordan.mobi
"Ricochet_ Renegades, Book 3 - Joan Swan",millervillenas,ebooks,Adult,Joan Swan,"Ricochet_ Renegades, Book 3 (135)","Ricochet_ Renegades, Book 3 - Joan Swan.epub"
Riding Curves - Christa Wick,millervillenas,ebooks,Adult,Christa Wick,Riding Curves (138),Riding Curves - Christa Wick.epub
Riding With the Cop - J. S. Scott,millervillenas,ebooks,Adult,J. S. Scott,Riding With the Cop (170),Riding With the Cop - J. S. Scott.epub
Rival - Penelope Douglas,millervillenas,ebooks,Adult,Penelope Douglas,Rival (1458),Rival - Penelope Douglas.mobi
Rock Hard - Olivia Cunning,millervillenas,ebooks,Adult,Olivia Cunning,Rock Hard (1604),Rock Hard - Olivia Cunning.epub
"Rock Solid - Phillips, Carly",millervillenas,ebooks,Adult,"Phillips, Carly",Rock Solid (1063),"Rock Solid - Phillips, Carly.mobi"
Rock Star - Stacey Kennedy,millervillenas,ebooks,Adult,Stacey Kennedy,Rock Star (450),Rock Star - Stacey Kennedy.epub
Rock With Me - Kristen Proby,millervillenas,ebooks,Adult,Kristen Proby,Rock With Me (204),Rock With Me - Kristen Proby.mobi
Rocky Ride - Vivian Arend,millervillenas,ebooks,Adult,Vivian Arend,Rocky Ride (389),Rocky Ride - Vivian Arend.epub
Rogue - Danielle Steel,millervillenas,ebooks,Adult,Danielle Steel,Rogue (126),Rogue - Danielle Steel.mobi
Romancing Mr. Bridgerton - Julia Quinn,millervillenas,ebooks,Adult,Julia Quinn,Romancing Mr. Bridgerton (1559),Romancing Mr. Bridgerton - Julia Quinn.mobi
Romantic Royal Mysteries Box Se - Holly Rayner,millervillenas,ebooks,Adult,Holly Rayner,Romantic Royal Mysteries Box Set_ B (1493),Romantic Royal Mysteries Box Se - Holly Rayner.epub
Rookie Move - Sarina Bowen,millervillenas,ebooks,Adult,Sarina Bowen,Rookie Move (1347),Rookie Move - Sarina Bowen.epub
RoomHate - Penelope Ward,millervillenas,ebooks,Adult,Penelope Ward,RoomHate (1385),RoomHate - Penelope Ward.epub
Roomie Wars Box Set (Books 1-3) - Kat T.Masen,millervillenas,ebooks,Adult,Kat T.Masen,Roomie Wars Box Set (Books 1-3) (999),Roomie Wars Box Set (Books 1-3) - Kat T.Masen.mobi
Roommate - Sarina Bowen,millervillenas,ebooks,Adult,Sarina Bowen,Roommate (1363),Roommate - Sarina Bowen.epub
"Rough Canvas (Nature of Desire, - Hill, Joey W_",millervillenas,ebooks,Adult,"Hill, Joey W_","Rough Canvas (Nature of Desire, Boo (275)","Rough Canvas (Nature of Desire, - Hill, Joey W_.mobi"
Roughing the Princess - Ivy Smoak,millervillenas,ebooks,Adult,Ivy Smoak,Roughing the Princess (1402),Roughing the Princess - Ivy Smoak.epub
Royally Screwed - Emma Chase,millervillenas,ebooks,Adult,Emma Chase,Royally Screwed (557),Royally Screwed - Emma Chase.epub
Royally Unexpected 2_ An Accide - Lilian Monroe,millervillenas,ebooks,Adult,Lilian Monroe,Royally Unexpected 2_ An Accidental (991),Royally Unexpected 2_ An Accide - Lilian Monroe.epub
"Royally Unexpected_ Farcliff Ki - Monroe, Lilian",millervillenas,ebooks,Adult,"Monroe, Lilian",Royally Unexpected_ Farcliff Kingdo (987),"Royally Unexpected_ Farcliff Ki - Monroe, Lilian.epub"
"Rumor (A Renegades Novella) - Jordan, Skye",millervillenas,ebooks,Adult,"Jordan, Skye",Rumor (A Renegades Novella) (340),"Rumor (A Renegades Novella) - Jordan, Skye.mobi"
Rumor - Skye Jordan,millervillenas,ebooks,Adult,Skye Jordan,Rumor (203),Rumor - Skye Jordan.epub
Runaway (Empire High Book 5) - Ivy Smoak,millervillenas,ebooks,Adult,Ivy Smoak,Runaway (Empire High Book 5) (1030),Runaway (Empire High Book 5) - Ivy Smoak.mobi
Runaway Love - Melanie Harlow,millervillenas,ebooks,Adult,Melanie Harlow,Runaway Love (1379),Runaway Love - Melanie Harlow.mobi
Runaway Love_ A Small Town Sing - Melanie Harlow,millervillenas,ebooks,Adult,Melanie Harlow,Runaway Love_ A Small Town Single D (1443),Runaway Love_ A Small Town Sing - Melanie Harlow.epub
Rush - Maya Banks,millervillenas,ebooks,Adult,Maya Banks,Rush (1393),Rush - Maya Banks.mobi
"Rusty Nailed (Cocktail, #2) - Alice Clayton",millervillenas,ebooks,Adult,Alice Clayton,"Rusty Nailed (Cocktail, #2) (400)","Rusty Nailed (Cocktail, #2) - Alice Clayton.epub"
SEX Unlimited The Complete Volu - Kathryn Perez,millervillenas,ebooks,Adult,Kathryn Perez,SEX Unlimited The Complete Volumes (338),SEX Unlimited The Complete Volu - Kathryn Perez.mobi
SEX Unlimited_ The Complete Vol - Kathryn Perez,millervillenas,ebooks,Adult,Kathryn Perez,SEX Unlimited_ The Complete Volumes (211),SEX Unlimited_ The Complete Vol - Kathryn Perez.epub
SHAWN (The Hartwell Brothers Bo - M. S. Parker,millervillenas,ebooks,Adult,M. S. Parker,SHAWN (The Hartwell Brothers Book 4 (1089),SHAWN (The Hartwell Brothers Bo - M. S. Parker.epub
STROKED (The Stroked Series Boo - Meghan Quinn,millervillenas,ebooks,Adult,Meghan Quinn,STROKED (The Stroked Series Book 1) (1174),STROKED (The Stroked Series Boo - Meghan Quinn.mobi
STROKED LONG - Meghan Quinn,millervillenas,ebooks,Adult,Meghan Quinn,STROKED LONG (1173),STROKED LONG - Meghan Quinn.mobi
Safe Harbour - Danielle Steel,millervillenas,ebooks,Adult,Danielle Steel,Safe Harbour (99),Safe Harbour - Danielle Steel.epub
Safe With Me (With Me in Seattl - Kristen Proby,millervillenas,ebooks,Adult,Kristen Proby,Safe With Me (With Me in Seattle) (205),Safe With Me (With Me in Seattl - Kristen Proby.mobi
Safe With Me - Kristen Proby,millervillenas,ebooks,Adult,Kristen Proby,Safe With Me (339),Safe With Me - Kristen Proby.mobi
Salt Kiss - Sierra Simone,millervillenas,ebooks,Adult,Sierra Simone,Salt Kiss (1480),Salt Kiss - Sierra Simone.epub
Same Time Next Year - Tessa Bailey,millervillenas,ebooks,Adult,Tessa Bailey,Same Time Next Year (1505),Same Time Next Year - Tessa Bailey.epub
Sanctum - Lexi Blake,millervillenas,ebooks,Adult,Lexi Blake,Sanctum (254),Sanctum - Lexi Blake.mobi
Sassy in Lingerie_ Lingerie #8 - Penelope Sky,millervillenas,ebooks,Adult,Penelope Sky,Sassy in Lingerie_ Lingerie #8 (694),Sassy in Lingerie_ Lingerie #8 - Penelope Sky.epub
Satan Burger - Mellick Carlton,millervillenas,ebooks,Adult,Mellick Carlton,Satan Burger (161),Satan Burger - Mellick Carlton.mobi
"Satin and Pearls_ The Virgin Di - Landish, Lauren",millervillenas,ebooks,Adult,"Landish, Lauren",Satin and Pearls_ The Virgin Diarie (875),"Satin and Pearls_ The Virgin Di - Landish, Lauren.mobi"
"Sausagey Santa - Carlton Mellick, Iii",millervillenas,ebooks,Adult,"Carlton Mellick, Iii",Sausagey Santa (162),"Sausagey Santa - Carlton Mellick, Iii.mobi"
Save Me (The Broken Souls Serie - S.A. Mackenzie,millervillenas,ebooks,Adult,S.A. Mackenzie,Save Me (The Broken Souls Series Bo (820),Save Me (The Broken Souls Serie - S.A. Mackenzie.epub
Save Me - Lisa Scottoline,millervillenas,ebooks,Adult,Lisa Scottoline,Save Me (1326),Save Me - Lisa Scottoline.epub
Save Them (The Broken Souls Ser - S.A. Mackenzie,millervillenas,ebooks,Adult,S.A. Mackenzie,Save Them (The Broken Souls Series (823),Save Them (The Broken Souls Ser - S.A. Mackenzie.epub
Saving 6 - Chloe Walsh,millervillenas,ebooks,Adult,Chloe Walsh,Saving 6 (1549),Saving 6 - Chloe Walsh.epub
Say It Like You Mane It_ Boys o - Erin Nicholas,millervillenas,ebooks,Adult,Erin Nicholas,Say It Like You Mane It_ Boys of th (1031),Say It Like You Mane It_ Boys o - Erin Nicholas.epub
Scarlet Angel - S.T. Abby,millervillenas,ebooks,Adult,S.T. Abby,Scarlet Angel (1557),Scarlet Angel - S.T. Abby.epub
Scarred_ Sins and Secrets Serie - Willow Winters,millervillenas,ebooks,Adult,Willow Winters,Scarred_ Sins and Secrets Series of (735),Scarred_ Sins and Secrets Serie - Willow Winters.epub
Scorched - Melody Anne,millervillenas,ebooks,Adult,Melody Anne,Scorched (690),Scorched - Melody Anne.epub
Scorched Skies - Samantha Young,millervillenas,ebooks,Adult,Samantha Young,Scorched Skies (627),Scorched Skies - Samantha Young.epub
"Screwdrivered (Cocktail, #3) - Alice Clayton",millervillenas,ebooks,Adult,Alice Clayton,"Screwdrivered (Cocktail, #3) (399)","Screwdrivered (Cocktail, #3) - Alice Clayton.epub"
Scrooged - Vi Keeland,millervillenas,ebooks,Adult,Vi Keeland,Scrooged (1389),Scrooged - Vi Keeland.epub
Second Chance - Danielle Steel,millervillenas,ebooks,Adult,Danielle Steel,Second Chance (98),Second Chance - Danielle Steel.epub
Second Grave on the Left - Darynda Jones,millervillenas,ebooks,Adult,Darynda Jones,Second Grave on the Left (463),Second Grave on the Left - Darynda Jones.epub
Secrets (Web of Sin) - Aleatha Romig,millervillenas,ebooks,Adult,Aleatha Romig,Secrets (Web of Sin) (662),Secrets (Web of Sin) - Aleatha Romig.epub
Secrets She Left Behind - Diane Chamberlain,millervillenas,ebooks,Adult,Diane Chamberlain,Secrets She Left Behind (1321),Secrets She Left Behind - Diane Chamberlain.epub
Secrets That Kill_ A Shelby Nic - Colleen Helme,millervillenas,ebooks,Adult,Colleen Helme,Secrets That Kill_ A Shelby Nichols (615),Secrets That Kill_ A Shelby Nic - Colleen Helme.epub
"Seduce (McKenzie Brothers) - Buchanan, Lexi",millervillenas,ebooks,Adult,"Buchanan, Lexi",Seduce (McKenzie Brothers) (934),"Seduce (McKenzie Brothers) - Buchanan, Lexi.epub"
Seduce - Lexi Buchanan,millervillenas,ebooks,Adult,Lexi Buchanan,Seduce (914),Seduce - Lexi Buchanan.mobi
"Seduced - Book Three - Surrende - Anne, Melody",millervillenas,ebooks,Adult,"Anne, Melody",Seduced - Book Three - Surrender Se (672),"Seduced - Book Three - Surrende - Anne, Melody.epub"
Seduced in the Dark_ The Dark D - CJ Roberts,millervillenas,ebooks,Adult,CJ Roberts,Seduced in the Dark_ The Dark Duet (595),Seduced in the Dark_ The Dark D - CJ Roberts.epub
Seduction - Ivy Smoak,millervillenas,ebooks,Adult,Ivy Smoak,Seduction (1101),Seduction - Ivy Smoak.mobi
See Me After Class - Meghan Quinn,millervillenas,ebooks,Adult,Meghan Quinn,See Me After Class (1149),See Me After Class - Meghan Quinn.mobi
Sentinel - Jennifer Armentrout,millervillenas,ebooks,Adult,Jennifer Armentrout,Sentinel (798),Sentinel - Jennifer Armentrout.epub
September_ Calendar Girl Book 9 - Audrey Carlan,millervillenas,ebooks,Adult,Audrey Carlan,September_ Calendar Girl Book 9 (270),September_ Calendar Girl Book 9 - Audrey Carlan.epub
Servicing the Target - Cherise Sinclair,millervillenas,ebooks,Adult,Cherise Sinclair,Servicing the Target (424),Servicing the Target - Cherise Sinclair.epub
Seventh Grave and No Body - Darynda Jones,millervillenas,ebooks,Adult,Darynda Jones,Seventh Grave and No Body (765),Seventh Grave and No Body - Darynda Jones.epub
Sex Jokes - Lisa A. Shoemaker,millervillenas,ebooks,Adult,Lisa A. Shoemaker,Sex Jokes (631),Sex Jokes - Lisa A. Shoemaker.epub
Sex Play - Jo Hemmings,millervillenas,ebooks,Adult,Jo Hemmings,Sex Play (437),Sex Play - Jo Hemmings.epub
"Sexting Curves (BBW Erotic Roma - Wick, Christa",millervillenas,ebooks,Adult,"Wick, Christa",Sexting Curves (BBW Erotic Romance) (147),"Sexting Curves (BBW Erotic Roma - Wick, Christa.epub"
Shacking Up 01-03 - Helena Hunting,millervillenas,ebooks,Adult,Helena Hunting,Shacking Up 01-03 (1146),Shacking Up 01-03 - Helena Hunting.mobi
"Shadow_ 9 (New Species) - Dohner, Laurann",millervillenas,ebooks,Adult,"Dohner, Laurann",Shadow_ 9 (New Species) (576),"Shadow_ 9 (New Species) - Dohner, Laurann.epub"
Shadows_ The Dark in You [Book - Suzanne Wright,millervillenas,ebooks,Adult,Suzanne Wright,Shadows_ The Dark in You [Book 5] (726),Shadows_ The Dark in You [Book - Suzanne Wright.mobi
"Shaken, Not Stirred - Sawyer Bennett",millervillenas,ebooks,Adult,Sawyer Bennett,"Shaken, Not Stirred (1061)","Shaken, Not Stirred - Sawyer Bennett.epub"
"Shane's Fall (The Escort Series - Kennedy, Sloane",millervillenas,ebooks,Adult,"Kennedy, Sloane",Shane's Fall (The Escort Series Boo (1086),"Shane's Fall (The Escort Series - Kennedy, Sloane.epub"
Shatter Me - Tahereh Mafi,millervillenas,ebooks,Adult,Tahereh Mafi,Shatter Me (611),Shatter Me - Tahereh Mafi.epub
Shattered Truths - H. Hunting,millervillenas,ebooks,Adult,H. Hunting,Shattered Truths (1377),Shattered Truths - H. Hunting.epub
She Asked for It - Willow Winters,millervillenas,ebooks,Adult,Willow Winters,She Asked for It (696),She Asked for It - Willow Winters.mobi
She Likes Pina Coladas_ A Secon - Brittanee Nicole,millervillenas,ebooks,Adult,Brittanee Nicole,She Likes Pina Coladas_ A Second Ch (1499),She Likes Pina Coladas_ A Secon - Brittanee Nicole.mobi
Shifting Gears - Jayne Rylon,millervillenas,ebooks,Adult,Jayne Rylon,Shifting Gears (7),Shifting Gears - Jayne Rylon.epub
"Show Me, Baby_ A Masters of the - Cherise Sinclair",millervillenas,ebooks,Adult,Cherise Sinclair,"Show Me, Baby_ A Masters of the Sha (422)","Show Me, Baby_ A Masters of the - Cherise Sinclair.epub"
Sidecar Crush (Bootleg Springs - Claire Kingsley,millervillenas,ebooks,Adult,Claire Kingsley,Sidecar Crush (Bootleg Springs Book (1543),Sidecar Crush (Bootleg Springs - Claire Kingsley.mobi
Sidetracked - S.T. Abby,millervillenas,ebooks,Adult,S.T. Abby,Sidetracked (1555),Sidetracked - S.T. Abby.mobi
Silk and Shadows (The Virgin Di - Lauren Landish,millervillenas,ebooks,Adult,Lauren Landish,Silk and Shadows (The Virgin Diarie (873),Silk and Shadows (The Virgin Di - Lauren Landish.epub
Simply Irresistible - Lauren Landish,millervillenas,ebooks,Adult,Lauren Landish,Simply Irresistible (787),Simply Irresistible - Lauren Landish.epub
Sin on Skin - Mari Freeman,millervillenas,ebooks,Adult,Mari Freeman,Sin on Skin (5),Sin on Skin - Mari Freeman.epub
Sinful Desires Vol. 1 - M. S. Parker,millervillenas,ebooks,Adult,M. S. Parker,Sinful Desires Vol. 1 (671),Sinful Desires Vol. 1 - M. S. Parker.epub
Sinful Desires Vol. 2 - M. S. Parker,millervillenas,ebooks,Adult,M. S. Parker,Sinful Desires Vol. 2 (669),Sinful Desires Vol. 2 - M. S. Parker.epub
Sinful Desires Vol. 3 - M. S. Parker,millervillenas,ebooks,Adult,M. S. Parker,Sinful Desires Vol. 3 (670),Sinful Desires Vol. 3 - M. S. Parker.epub
Sinful Desires Vol. 4 - M. S. Parker,millervillenas,ebooks,Adult,M. S. Parker,Sinful Desires Vol. 4 (668),Sinful Desires Vol. 4 - M. S. Parker.epub
Sinful Desires Vol. 5 - M. S. Parker,millervillenas,ebooks,Adult,M. S. Parker,Sinful Desires Vol. 5 (665),Sinful Desires Vol. 5 - M. S. Parker.epub
"Sing Your Secrets (Love, Me & t - Kay Cove",millervillenas,ebooks,Adult,Kay Cove,"Sing Your Secrets (Love, Me & the 3 (1454)","Sing Your Secrets (Love, Me & t - Kay Cove.mobi"
Sinners On Tour 03 Hot Ticket - Olivia Cunning,millervillenas,ebooks,Adult,Olivia Cunning,Sinners On Tour 03 Hot Ticket (1605),Sinners On Tour 03 Hot Ticket - Olivia Cunning.mobi
Sinners On Tour 06 Sinners at t - Olivia Cunning,millervillenas,ebooks,Adult,Olivia Cunning,Sinners On Tour 06 Sinners at the A (1598),Sinners On Tour 06 Sinners at t - Olivia Cunning.epub
Sisters - Danielle Steel,millervillenas,ebooks,Adult,Danielle Steel,Sisters (129),Sisters - Danielle Steel.mobi
Sixth Grave on the Edge_ A Nove - Darynda Jones,millervillenas,ebooks,Adult,Darynda Jones,Sixth Grave on the Edge_ A Novel (470),Sixth Grave on the Edge_ A Nove - Darynda Jones.mobi
Slade - Laurann Dohner,millervillenas,ebooks,Adult,Laurann Dohner,Slade (582),Slade - Laurann Dohner.epub
Slammed Series 1-3 - Colleen Hoover,millervillenas,ebooks,Adult,Colleen Hoover,Slammed Series 1-3 (1257),Slammed Series 1-3 - Colleen Hoover.mobi
Slapshot_ A Moo U Hockey Romanc - Rebecca Jenshak,millervillenas,ebooks,Adult,Rebecca Jenshak,Slapshot_ A Moo U Hockey Romance (1356),Slapshot_ A Moo U Hockey Romanc - Rebecca Jenshak.epub
Slow & Steady (Alphas Undone #2 - Kendall Ryan,millervillenas,ebooks,Adult,Kendall Ryan,Slow & Steady (Alphas Undone #2) (308),Slow & Steady (Alphas Undone #2 - Kendall Ryan.epub
Slow Burn - K. Bromberg,millervillenas,ebooks,Adult,K. Bromberg,Slow Burn (1304),Slow Burn - K. Bromberg.mobi
Slow Hand Curves (Big Girls Nex - Christa Wick,millervillenas,ebooks,Adult,Christa Wick,Slow Hand Curves (Big Girls Next Do (140),Slow Hand Curves (Big Girls Nex - Christa Wick.mobi
Smiley - Laurann Dohner,millervillenas,ebooks,Adult,Laurann Dohner,Smiley (572),Smiley - Laurann Dohner.epub
Smittened - Jamie Farrell,millervillenas,ebooks,Adult,Jamie Farrell,Smittened (1274),Smittened - Jamie Farrell.mobi
Smokeless Fire - Samantha Young,millervillenas,ebooks,Adult,Samantha Young,Smokeless Fire (626),Smokeless Fire - Samantha Young.mobi
Soldier - Julie Kagawa,millervillenas,ebooks,Adult,Julie Kagawa,Soldier (736),Soldier - Julie Kagawa.epub
Some Kind of Perfect (Calloway - Krista Ritchie,millervillenas,ebooks,Adult,Krista Ritchie,Some Kind of Perfect (Calloway Sist (1220),Some Kind of Perfect (Calloway - Krista Ritchie.epub
Some Sort of Crazy (Natalie and - Melanie Harlow,millervillenas,ebooks,Adult,Melanie Harlow,Some Sort of Crazy (Natalie and Mil (1098),Some Sort of Crazy (Natalie and - Melanie Harlow.epub
Some Sort of Happy - Melanie Harlow,millervillenas,ebooks,Adult,Melanie Harlow,Some Sort of Happy (1096),Some Sort of Happy - Melanie Harlow.epub
Some Sort of Love (Jillian and - Melanie Harlow,millervillenas,ebooks,Adult,Melanie Harlow,Some Sort of Love (Jillian and Levi (1102),Some Sort of Love (Jillian and - Melanie Harlow.epub
"Something Borrowed, Something Y - Vi Keeland",millervillenas,ebooks,Adult,Vi Keeland,"Something Borrowed, Something You (1571)","Something Borrowed, Something Y - Vi Keeland.mobi"
"Something Unexpected - Keeland, Vi",millervillenas,ebooks,Adult,"Keeland, Vi",Something Unexpected (1358),"Something Unexpected - Keeland, Vi.epub"
Sordid Mistress (Sordid Duet Bo - Natalie Bennett,millervillenas,ebooks,Adult,Natalie Bennett,Sordid Mistress (Sordid Duet Book 2 (529),Sordid Mistress (Sordid Duet Bo - Natalie Bennett.epub
Sordid Seduction (Sordid Trilog - Natalie Bennett,millervillenas,ebooks,Adult,Natalie Bennett,Sordid Seduction (Sordid Trilogy #1 (530),Sordid Seduction (Sordid Trilog - Natalie Bennett.epub
"Sorting Out (Fitting In) - Violet, Silvia",millervillenas,ebooks,Adult,"Violet, Silvia",Sorting Out (Fitting In) (555),"Sorting Out (Fitting In) - Violet, Silvia.epub"
"Soul Rest_ A Knights of the Boa - Hill, Joey W_",millervillenas,ebooks,Adult,"Hill, Joey W_",Soul Rest_ A Knights of the Board R (546),"Soul Rest_ A Knights of the Boa - Hill, Joey W_.epub"
Southern Fried Blues (The Offic - Jamie Farrell,millervillenas,ebooks,Adult,Jamie Farrell,Southern Fried Blues (The Officers' (1273),Southern Fried Blues (The Offic - Jamie Farrell.mobi
Southern Lights_ A Novel - Danielle Steel,millervillenas,ebooks,Adult,Danielle Steel,Southern Lights_ A Novel (123),Southern Lights_ A Novel - Danielle Steel.mobi
Spanked by the Vet - Christa Wick,millervillenas,ebooks,Adult,Christa Wick,Spanked by the Vet (141),Spanked by the Vet - Christa Wick.epub
Spiced - Jamie Farrell,millervillenas,ebooks,Adult,Jamie Farrell,Spiced (1275),Spiced - Jamie Farrell.mobi
Spider - Ilsa Madden-Mills,millervillenas,ebooks,Adult,Ilsa Madden-Mills,Spider (1161),Spider - Ilsa Madden-Mills.epub
Spring Fever - Mary Kay Andrews,millervillenas,ebooks,Adult,Mary Kay Andrews,Spring Fever (1314),Spring Fever - Mary Kay Andrews.epub
Stay With Me (Stay With Me Seri - Nicole Fiorina,millervillenas,ebooks,Adult,Nicole Fiorina,Stay With Me (Stay With Me Series B (722),Stay With Me (Stay With Me Seri - Nicole Fiorina.epub
Stay with Me - J. Lynn,millervillenas,ebooks,Adult,J. Lynn,Stay with Me (806),Stay with Me - J. Lynn.epub
"Steadfast (True North Book 2) - Bowen, Sarina",millervillenas,ebooks,Adult,"Bowen, Sarina",Steadfast (True North Book 2) (1346),"Steadfast (True North Book 2) - Bowen, Sarina.mobi"
Steal My Magnolia (Love at Firs - Smartypants Romance,millervillenas,ebooks,Adult,Smartypants Romance,Steal My Magnolia (Love at First Si (960),Steal My Magnolia (Love at Firs - Smartypants Romance.mobi
Stepbrother Dearest - Penelope Ward,millervillenas,ebooks,Adult,Penelope Ward,Stepbrother Dearest (1616),Stepbrother Dearest - Penelope Ward.mobi
Still Into You - Roni Loren,millervillenas,ebooks,Adult,Roni Loren,Still Into You (445),Still Into You - Roni Loren.mobi
"Stolen Moments - Maura, Catharina",millervillenas,ebooks,Adult,"Maura, Catharina",Stolen Moments (1033),"Stolen Moments - Maura, Catharina.epub"
Story Of My Life_ the heart-pou - Lucy Score,millervillenas,ebooks,Adult,Lucy Score,Story Of My Life_ the heart-poundin (1626),Story Of My Life_ the heart-pou - Lucy Score.epub
Stranger - Megan Hart,millervillenas,ebooks,Adult,Megan Hart,Stranger (49),Stranger - Megan Hart.mobi
Strangers on a Train I - Nelle L'Amour,millervillenas,ebooks,Adult,Nelle L'Amour,Strangers on a Train I (193),Strangers on a Train I - Nelle L'Amour.mobi
Strength - Amy Daws,millervillenas,ebooks,Adult,Amy Daws,Strength (935),Strength - Amy Daws.epub
Strictly Forbidden_ A Billionai - JA Low,millervillenas,ebooks,Adult,JA Low,Strictly Forbidden_ A Billionaire S (977),Strictly Forbidden_ A Billionai - JA Low.epub
Stripped - Jasinda Wilder,millervillenas,ebooks,Adult,Jasinda Wilder,Stripped (897),Stripped - Jasinda Wilder.mobi
Stroked Hard - Meghan Quinn,millervillenas,ebooks,Adult,Meghan Quinn,Stroked Hard (1172),Stroked Hard - Meghan Quinn.epub
Stuck-Up Suit - Vi Keeland,millervillenas,ebooks,Adult,Vi Keeland,Stuck-Up Suit (1390),Stuck-Up Suit - Vi Keeland.mobi
Stud Muffin - Lauren Landish,millervillenas,ebooks,Adult,Lauren Landish,Stud Muffin (892),Stud Muffin - Lauren Landish.epub
"Stud Muffin_ Donner Bakery, Boo - Smartypants Romance",millervillenas,ebooks,Adult,Smartypants Romance,"Stud Muffin_ Donner Bakery, Book 2 (959)","Stud Muffin_ Donner Bakery, Boo - Smartypants Romance.epub"
Submit - Melody Anne,millervillenas,ebooks,Adult,Melody Anne,Submit (693),Submit - Melody Anne.epub
Suddenly - Barbara Delinsky,millervillenas,ebooks,Adult,Barbara Delinsky,Suddenly (19),Suddenly - Barbara Delinsky.epub
Suddenly Bound - J. A. Low,millervillenas,ebooks,Adult,J. A. Low,Suddenly Bound (962),Suddenly Bound - J. A. Low.mobi
Suddenly Broken - J. A. Low,millervillenas,ebooks,Adult,J. A. Low,Suddenly Broken (967),Suddenly Broken - J. A. Low.mobi
Suddenly Dirty - J. A. Low,millervillenas,ebooks,Adult,J. A. Low,Suddenly Dirty (961),Suddenly Dirty - J. A. Low.mobi
Suddenly More_ A Dirty Texas No - J. A. Low,millervillenas,ebooks,Adult,J. A. Low,Suddenly More_ A Dirty Texas Novell (966),Suddenly More_ A Dirty Texas No - J. A. Low.epub
Suddenly Tied - J.A. Low,millervillenas,ebooks,Adult,J.A. Low,Suddenly Tied (965),Suddenly Tied - J.A. Low.mobi
Suddenly Together - J. A. Low,millervillenas,ebooks,Adult,J. A. Low,Suddenly Together (963),Suddenly Together - J. A. Low.epub
Suddenly Trouble - J. A. Low,millervillenas,ebooks,Adult,J. A. Low,Suddenly Trouble (964),Suddenly Trouble - J. A. Low.mobi
Sugar Boss (Sugar Daddies Book - Charity Parkerson,millervillenas,ebooks,Adult,Charity Parkerson,Sugar Boss (Sugar Daddies Book 2) (591),Sugar Boss (Sugar Daddies Book - Charity Parkerson.epub
Sugar Fighter (Sugar Daddies Bo - Charity Parkerson,millervillenas,ebooks,Adult,Charity Parkerson,Sugar Fighter (Sugar Daddies Book 1 (592),Sugar Fighter (Sugar Daddies Bo - Charity Parkerson.epub
Sugar Rush - Belle Aurora,millervillenas,ebooks,Adult,Belle Aurora,Sugar Rush (933),Sugar Rush - Belle Aurora.epub
Sugar on the Edge - Sawyer Bennett,millervillenas,ebooks,Adult,Sawyer Bennett,Sugar on the Edge (1059),Sugar on the Edge - Sawyer Bennett.epub
Sugared (Misfit Brides #4) - Jamie Farrell,millervillenas,ebooks,Adult,Jamie Farrell,Sugared (Misfit Brides #4) (1281),Sugared (Misfit Brides #4) - Jamie Farrell.epub
Summer of the Cougar - Nicole Austin,millervillenas,ebooks,Adult,Nicole Austin,Summer of the Cougar (3),Summer of the Cougar - Nicole Austin.mobi
Summer's Child - Diane Chamberlain,millervillenas,ebooks,Adult,Diane Chamberlain,Summer's Child (1316),Summer's Child - Diane Chamberlain.epub
Summoned to Thirteenth Grave (C - Darynda Jones,millervillenas,ebooks,Adult,Darynda Jones,Summoned to Thirteenth Grave (Charl (753),Summoned to Thirteenth Grave (C - Darynda Jones.epub
SunshineonChrome - Lynn Connolly,millervillenas,ebooks,Adult,Lynn Connolly,SunshineonChrome (18),SunshineonChrome - Lynn Connolly.mobi
Superfan - Sarina Bowen,millervillenas,ebooks,Adult,Sarina Bowen,Superfan (1345),Superfan - Sarina Bowen.epub
Sure Shot - Sarina Bowen,millervillenas,ebooks,Adult,Sarina Bowen,Sure Shot (1344),Sure Shot - Sarina Bowen.mobi
Surrender (Harris Brothers Book - Amy Daws,millervillenas,ebooks,Adult,Amy Daws,Surrender (Harris Brothers Book 4) (932),Surrender (Harris Brothers Book - Amy Daws.epub
Surrender 01 - Surrender - Melody Anne,millervillenas,ebooks,Adult,Melody Anne,Surrender 01 - Surrender (692),Surrender 01 - Surrender - Melody Anne.epub
Surrender to Me 4 - Shayla Black,millervillenas,ebooks,Adult,Shayla Black,Surrender to Me 4 (1404),Surrender to Me 4 - Shayla Black.mobi
Sweeper - Amy Daws,millervillenas,ebooks,Adult,Amy Daws,Sweeper (943),Sweeper - Amy Daws.epub
Sweet Ache - K. Bromberg,millervillenas,ebooks,Adult,K. Bromberg,Sweet Ache (1305),Sweet Ache - K. Bromberg.epub
Sweet Addiction - 6 - Maya Banks,millervillenas,ebooks,Adult,Maya Banks,Sweet Addiction - 6 (67),Sweet Addiction - 6 - Maya Banks.mobi
Sweet Filthy Boy - Christina Lauren,millervillenas,ebooks,Adult,Christina Lauren,Sweet Filthy Boy (247),Sweet Filthy Boy - Christina Lauren.epub
Sweet Home Louisiana_ Boys of t - Erin Nicholas,millervillenas,ebooks,Adult,Erin Nicholas,Sweet Home Louisiana_ Boys of the B (1019),Sweet Home Louisiana_ Boys of t - Erin Nicholas.epub
Sweet Like a Psycho - Ivy Smoak,millervillenas,ebooks,Adult,Ivy Smoak,Sweet Like a Psycho (825),Sweet Like a Psycho - Ivy Smoak.epub
Sweet Persuasion - 2 - Maya Banks,millervillenas,ebooks,Adult,Maya Banks,Sweet Persuasion - 2 (66),Sweet Persuasion - 2 - Maya Banks.epub
Sweet Possession - 5 - Maya Banks,millervillenas,ebooks,Adult,Maya Banks,Sweet Possession - 5 (65),Sweet Possession - 5 - Maya Banks.epub
Sweet Seduction - 3 - Maya Banks,millervillenas,ebooks,Adult,Maya Banks,Sweet Seduction - 3 (64),Sweet Seduction - 3 - Maya Banks.epub
Sweet Surrender -1 - Maya Banks,millervillenas,ebooks,Adult,Maya Banks,Sweet Surrender -1 (63),Sweet Surrender -1 - Maya Banks.epub
Sweet Temptation -4 - Maya Banks,millervillenas,ebooks,Adult,Maya Banks,Sweet Temptation -4 (68),Sweet Temptation -4 - Maya Banks.mobi
Switch - Megan Hart,millervillenas,ebooks,Adult,Megan Hart,Switch (48),Switch - Megan Hart.epub
THEIR_VIRGIN_PRINCESS - Shayla_Black_Lexi_Blake,millervillenas,ebooks,Adult,Shayla_Black_Lexi_Blake,THEIR_VIRGIN_PRINCESS (1397),THEIR_VIRGIN_PRINCESS - Shayla_Black_Lexi_Blake.mobi
Take A Number_ A Fake Dating Ro - Amy Daws,millervillenas,ebooks,Adult,Amy Daws,Take A Number_ A Fake Dating Romant (1072),Take A Number_ A Fake Dating Ro - Amy Daws.epub
Take Me Deeper - Jackie Ashenden,millervillenas,ebooks,Adult,Jackie Ashenden,Take Me Deeper (309),Take Me Deeper - Jackie Ashenden.mobi
Take Me to Paradise - Olivia Cunning,millervillenas,ebooks,Adult,Olivia Cunning,Take Me to Paradise (1599),Take Me to Paradise - Olivia Cunning.mobi
Taking Control_ A Billionaire B - JA Low,millervillenas,ebooks,Adult,JA Low,Taking Control_ A Billionaire Boss (976),Taking Control_ A Billionaire B - JA Low.mobi
"Taking Him (Lies We Tell) - Ashenden, Jackie",millervillenas,ebooks,Adult,"Ashenden, Jackie",Taking Him (Lies We Tell) (306),"Taking Him (Lies We Tell) - Ashenden, Jackie.mobi"
Taking the Heat - Sylvia Day,millervillenas,ebooks,Adult,Sylvia Day,Taking the Heat (186),Taking the Heat - Sylvia Day.mobi
"Talking Dirty With the Boss_ A - Ashenden, Jackie",millervillenas,ebooks,Adult,"Ashenden, Jackie",Talking Dirty With the Boss_ A Talk (312),"Talking Dirty With the Boss_ A - Ashenden, Jackie.mobi"
Talking Dirty With the Player - Jackie Ashenden,millervillenas,ebooks,Adult,Jackie Ashenden,Talking Dirty With the Player (311),Talking Dirty With the Player - Jackie Ashenden.mobi
Talking Dirty with the CEO - Jackie Ashenden,millervillenas,ebooks,Adult,Jackie Ashenden,Talking Dirty with the CEO (310),Talking Dirty with the CEO - Jackie Ashenden.epub
Talon - Julie Kagawa,millervillenas,ebooks,Adult,Julie Kagawa,Talon (731),Talon - Julie Kagawa.epub
Taming 7 - Chloe Walsh,millervillenas,ebooks,Adult,Chloe Walsh,Taming 7 (1553),Taming 7 - Chloe Walsh.epub
Taming Dex - Zoey Derrick,millervillenas,ebooks,Adult,Zoey Derrick,Taming Dex (237),Taming Dex - Zoey Derrick.mobi
Taste - Melanie Harlow,millervillenas,ebooks,Adult,Melanie Harlow,Taste (1040),Taste - Melanie Harlow.mobi
"Tech Billionaires_ 5-Book Box S - St Claire, Ainsley",millervillenas,ebooks,Adult,"St Claire, Ainsley",Tech Billionaires_ 5-Book Box Set (1081),"Tech Billionaires_ 5-Book Box S - St Claire, Ainsley.mobi"
Teens at Play 01 - Summer Special,millervillenas,ebooks,Adult,Summer Special,Teens at Play 01 (176),Teens at Play 01 - Summer Special.mobi
Tell Me You Want Me - Willow Winters,millervillenas,ebooks,Adult,Willow Winters,Tell Me You Want Me (858),Tell Me You Want Me - Willow Winters.epub
Tell Me to Stay - Willow Winters,millervillenas,ebooks,Adult,Willow Winters,Tell Me to Stay (695),Tell Me to Stay - Willow Winters.epub
Tell Them Lies - Karla Sorensen,millervillenas,ebooks,Adult,Karla Sorensen,Tell Them Lies (944),Tell Them Lies - Karla Sorensen.mobi
Temptation - Ivy Smoak,millervillenas,ebooks,Adult,Ivy Smoak,Temptation (775),Temptation - Ivy Smoak.epub
Tempted - Megan Hart,millervillenas,ebooks,Adult,Megan Hart,Tempted (47),Tempted - Megan Hart.epub
Tempted by Deception_ A Dark Ma - Rina Kent,millervillenas,ebooks,Adult,Rina Kent,Tempted by Deception_ A Dark Marria (843),Tempted by Deception_ A Dark Ma - Rina Kent.epub
Tempted to Kiss (Hard to Love B - Willow Winters,millervillenas,ebooks,Adult,Willow Winters,Tempted to Kiss (Hard to Love Book (742),Tempted to Kiss (Hard to Love B - Willow Winters.mobi
Tempting Danger - Eileen Wilks,millervillenas,ebooks,Adult,Eileen Wilks,Tempting Danger (458),Tempting Danger - Eileen Wilks.epub
Tempting the Billionaire_ Falli - JA Low,millervillenas,ebooks,Adult,JA Low,Tempting the Billionaire_ Falling f (968),Tempting the Billionaire_ Falli - JA Low.epub
Tequila Rose - Willow Winters,millervillenas,ebooks,Adult,Willow Winters,Tequila Rose (837),Tequila Rose - Willow Winters.epub
That Forever Girl (Getting Luck - Meghan Quinn,millervillenas,ebooks,Adult,Meghan Quinn,That Forever Girl (Getting Lucky) (1206),That Forever Girl (Getting Luck - Meghan Quinn.mobi
That Second Chance (Getting Luc - Meghan Quinn,millervillenas,ebooks,Adult,Meghan Quinn,That Second Chance (Getting Lucky) (1205),That Second Chance (Getting Luc - Meghan Quinn.epub
"That Second Chance - Quinn, Meghan",millervillenas,ebooks,Adult,"Quinn, Meghan",That Second Chance (1219),"That Second Chance - Quinn, Meghan.epub"
That Secret Crush - Meghan Quinn,millervillenas,ebooks,Adult,Meghan Quinn,That Secret Crush (1214),That Secret Crush - Meghan Quinn.mobi
That Swoony Feeling - Meghan Quinn,millervillenas,ebooks,Adult,Meghan Quinn,That Swoony Feeling (1207),That Swoony Feeling - Meghan Quinn.mobi
The 5th Wave - Rick Yancey,millervillenas,ebooks,Adult,Rick Yancey,The 5th Wave (639),The 5th Wave - Rick Yancey.epub
The Accidental Countess - Valerie Bowman,millervillenas,ebooks,Adult,Valerie Bowman,The Accidental Countess (633),The Accidental Countess - Valerie Bowman.epub
The Alphahole's Guide to Marryi - Piper Marlowe,millervillenas,ebooks,Adult,Piper Marlowe,The Alphahole's Guide to Marrying Y (1216),The Alphahole's Guide to Marryi - Piper Marlowe.epub
"The Angel (The Original Sinners - Reisz, Tiffany",millervillenas,ebooks,Adult,"Reisz, Tiffany",The Angel (The Original Sinners) (332),"The Angel (The Original Sinners - Reisz, Tiffany.mobi"
The Anti-Boyfriend - Penelope Ward,millervillenas,ebooks,Adult,Penelope Ward,The Anti-Boyfriend (1288),The Anti-Boyfriend - Penelope Ward.epub
The Aristocrat - Penelope Ward,millervillenas,ebooks,Adult,Penelope Ward,The Aristocrat (1470),The Aristocrat - Penelope Ward.epub
The Arrogant Artist _ A Billion - JA Low,millervillenas,ebooks,Adult,JA Low,The Arrogant Artist _ A Billionaire (985),The Arrogant Artist _ A Billion - JA Low.mobi
The Assignment - Penelope Ward,millervillenas,ebooks,Adult,Penelope Ward,The Assignment (1386),The Assignment - Penelope Ward.epub
The Auction - Kitty Thomas,millervillenas,ebooks,Adult,Kitty Thomas,The Auction (523),The Auction - Kitty Thomas.epub
The Baller - Vi Keeland,millervillenas,ebooks,Adult,Vi Keeland,The Baller (385),The Baller - Vi Keeland.epub
The Best Men - Lauren Blakely,millervillenas,ebooks,Adult,Lauren Blakely,The Best Men (1367),The Best Men - Lauren Blakely.epub
"The Billion Dollar Bachelor - Ashenden, Jackie",millervillenas,ebooks,Adult,"Ashenden, Jackie",The Billion Dollar Bachelor (313),"The Billion Dollar Bachelor - Ashenden, Jackie.epub"
The Billion Dollar Bad Boy - Jackie Ashenden,millervillenas,ebooks,Adult,Jackie Ashenden,The Billion Dollar Bad Boy (314),The Billion Dollar Bad Boy - Jackie Ashenden.epub
The Billionaire Possession Seri - Amelia Wilde,millervillenas,ebooks,Adult,Amelia Wilde,The Billionaire Possession Series_ (682),The Billionaire Possession Seri - Amelia Wilde.epub
The Billionaire's Guide to the - Piper Marlowe,millervillenas,ebooks,Adult,Piper Marlowe,The Billionaire's Guide to the Marr (1217),The Billionaire's Guide to the - Piper Marlowe.epub
The Bombshell Effect - Karla Sorensen,millervillenas,ebooks,Adult,Karla Sorensen,The Bombshell Effect (948),The Bombshell Effect - Karla Sorensen.mobi
The Bride's Runaway Billionaire - Pippa Grant,millervillenas,ebooks,Adult,Pippa Grant,The Bride's Runaway Billionaire (Th (1456),The Bride's Runaway Billionaire - Pippa Grant.mobi
The Bridgertons_ Happily Ever A - Julia Quinn,millervillenas,ebooks,Adult,Julia Quinn,The Bridgertons_ Happily Ever After (1563),The Bridgertons_ Happily Ever A - Julia Quinn.mobi
The Broken Vows - Catharina Maura,millervillenas,ebooks,Adult,Catharina Maura,The Broken Vows (1401),The Broken Vows - Catharina Maura.epub
The Cafe on the Edge of the Wor - John Strelecky,millervillenas,ebooks,Adult,John Strelecky,The Cafe on the Edge of the World_ (1538),The Cafe on the Edge of the Wor - John Strelecky.epub
The Cannibals of Candyland - Carlton Mellick Iii,millervillenas,ebooks,Adult,Carlton Mellick Iii,The Cannibals of Candyland (158),The Cannibals of Candyland - Carlton Mellick Iii.mobi
The Casanova (The Miles High Cl - T.L. Swan,millervillenas,ebooks,Adult,T.L. Swan,The Casanova (The Miles High Club) (1418),The Casanova (The Miles High Cl - T.L. Swan.epub
The Castle - Skye Warren,millervillenas,ebooks,Adult,Skye Warren,The Castle (550),The Castle - Skye Warren.epub
The Catch (The Player Duet Book - K. Bromberg,millervillenas,ebooks,Adult,K. Bromberg,The Catch (The Player Duet Book 2) (1308),The Catch (The Player Duet Book - K. Bromberg.epub
The Change Up - Meghan Quinn,millervillenas,ebooks,Adult,Meghan Quinn,The Change Up (1186),The Change Up - Meghan Quinn.epub
The Chase_ Briar U - Elle Kennedy,millervillenas,ebooks,Adult,Elle Kennedy,The Chase_ Briar U (1481),The Chase_ Briar U - Elle Kennedy.mobi
The Con Artist - Kitty Thomas,millervillenas,ebooks,Adult,Kitty Thomas,The Con Artist (521),The Con Artist - Kitty Thomas.epub
The Controversial Princess - Jodi Ellen Malpas,millervillenas,ebooks,Adult,Jodi Ellen Malpas,The Controversial Princess (1612),The Controversial Princess - Jodi Ellen Malpas.epub
The Cottage - Danielle Steel,millervillenas,ebooks,Adult,Danielle Steel,The Cottage (97),The Cottage - Danielle Steel.mobi
The Curse of Tenth Grave (Charl - Darynda Jones,millervillenas,ebooks,Adult,Darynda Jones,The Curse of Tenth Grave (Charley D (472),The Curse of Tenth Grave (Charl - Darynda Jones.epub
The Dare - Elle Kennedy,millervillenas,ebooks,Adult,Elle Kennedy,The Dare (1482),The Dare - Elle Kennedy.epub
The Dare - Lauren Landish,millervillenas,ebooks,Adult,Lauren Landish,The Dare (869),The Dare - Lauren Landish.epub
The Darker Side of Pleasure - Eden Bradley,millervillenas,ebooks,Adult,Eden Bradley,The Darker Side of Pleasure (1313),The Darker Side of Pleasure - Eden Bradley.epub
The Darkest Temptation - Danielle Lori,millervillenas,ebooks,Adult,Danielle Lori,The Darkest Temptation (888),The Darkest Temptation - Danielle Lori.epub
The Day He Came Back - Penelope Ward,millervillenas,ebooks,Adult,Penelope Ward,The Day He Came Back (1620),The Day He Came Back - Penelope Ward.epub
The Deep End - Kristen Ashley,millervillenas,ebooks,Adult,Kristen Ashley,The Deep End (1233),The Deep End - Kristen Ashley.mobi
"The Devil I Crave_ The Devil's - Quinn, Jillian",millervillenas,ebooks,Adult,"Quinn, Jillian",The Devil I Crave_ The Devil's Knig (1183),"The Devil I Crave_ The Devil's - Quinn, Jillian.epub"
The Devil I Hate (The Devil's K - Jillian Quinn,millervillenas,ebooks,Adult,Jillian Quinn,The Devil I Hate (The Devil's Knigh (1187),The Devil I Hate (The Devil's K - Jillian Quinn.epub
The Devil's Pawn_ An arranged m - Tracie Delaney,millervillenas,ebooks,Adult,Tracie Delaney,The Devil's Pawn_ An arranged marri (1590),The Devil's Pawn_ An arranged m - Tracie Delaney.epub
The Devious Husband - Catharina Maura,millervillenas,ebooks,Adult,Catharina Maura,The Devious Husband (1574),The Devious Husband - Catharina Maura.epub
The Dirt on Ninth Grave - Darynda Jones,millervillenas,ebooks,Adult,Darynda Jones,The Dirt on Ninth Grave (766),The Dirt on Ninth Grave - Darynda Jones.mobi
The Discipline - Marina Anderson,millervillenas,ebooks,Adult,Marina Anderson,The Discipline (72),The Discipline - Marina Anderson.epub
The Do-Over (The Miles High Clu - T L Swan,millervillenas,ebooks,Adult,T L Swan,The Do-Over (The Miles High Club) (1426),The Do-Over (The Miles High Clu - T L Swan.epub
"The Dom Who Loved Me, Masters a - Lexi Blake",millervillenas,ebooks,Adult,Lexi Blake,"The Dom Who Loved Me, Masters and M (253)","The Dom Who Loved Me, Masters a - Lexi Blake.mobi"
The Driven Series Boxed Set - L - K. Bromberg,millervillenas,ebooks,Adult,K. Bromberg,The Driven Series Boxed Set - Limit (1292),The Driven Series Boxed Set - L - K. Bromberg.epub
The Drummer's Heart - Penelope Ward,millervillenas,ebooks,Adult,Penelope Ward,The Drummer's Heart (1625),The Drummer's Heart - Penelope Ward.epub
The Dugout - Meghan Quinn,millervillenas,ebooks,Adult,Meghan Quinn,The Dugout (1184),The Dugout - Meghan Quinn.mobi
The Duke and I - Julia Quinn,millervillenas,ebooks,Adult,Julia Quinn,The Duke and I (1562),The Duke and I - Julia Quinn.epub
The End_ Book 2 The Stained Due - Charlotte E Hart,millervillenas,ebooks,Adult,Charlotte E Hart,The End_ Book 2 The Stained Duet (476),The End_ Book 2 The Stained Due - Charlotte E Hart.epub
The Ex Effect - Karla Sorensen,millervillenas,ebooks,Adult,Karla Sorensen,The Ex Effect (950),The Ex Effect - Karla Sorensen.mobi
The Farthest Edge - Kristen Ashley,millervillenas,ebooks,Adult,Kristen Ashley,The Farthest Edge (1232),The Farthest Edge - Kristen Ashley.epub
The Fifteenth Minute - Sarina Bowen,millervillenas,ebooks,Adult,Sarina Bowen,The Fifteenth Minute (1375),The Fifteenth Minute - Sarina Bowen.mobi
The Fine Art of Faking It_ A Sm - Lucy Score,millervillenas,ebooks,Adult,Lucy Score,The Fine Art of Faking It_ A Small (1583),The Fine Art of Faking It_ A Sm - Lucy Score.mobi
The Finish Line - Kate Stewart,millervillenas,ebooks,Adult,Kate Stewart,The Finish Line (1010),The Finish Line - Kate Stewart.mobi
The Fix Up - Kendall Ryan,millervillenas,ebooks,Adult,Kendall Ryan,The Fix Up (307),The Fix Up - Kendall Ryan.mobi
The Fixed Trilogy_ Fixed on You - Laurelin Paige,millervillenas,ebooks,Adult,Laurelin Paige,"The Fixed Trilogy_ Fixed on You, Fo (131)",The Fixed Trilogy_ Fixed on You - Laurelin Paige.mobi
The Flirting Bible_ Your Ultima - Fran Greene,millervillenas,ebooks,Adult,Fran Greene,The Flirting Bible_ Your Ultimate P (623),The Flirting Bible_ Your Ultima - Fran Greene.epub
The Forbidden - Jodi Ellen Malpas,millervillenas,ebooks,Adult,Jodi Ellen Malpas,The Forbidden (512),The Forbidden - Jodi Ellen Malpas.epub
"The Forgotten Elites_ The Compl - Beck, Eden",millervillenas,ebooks,Adult,"Beck, Eden",The Forgotten Elites_ The Complete (844),"The Forgotten Elites_ The Compl - Beck, Eden.epub"
The Forsaken Saga Complete Box - Sophia Sharp,millervillenas,ebooks,Adult,Sophia Sharp,The Forsaken Saga Complete Box Set (720),The Forsaken Saga Complete Box - Sophia Sharp.epub
The Games of Enemies and Allies - K. M. Shea,millervillenas,ebooks,Adult,K. M. Shea,The Games of Enemies and Allies_ Ma (1468),The Games of Enemies and Allies - K. M. Shea.epub
The Gender Game 2_ The Gender S - Bella Forrest,millervillenas,ebooks,Adult,Bella Forrest,The Gender Game 2_ The Gender Secre (640),The Gender Game 2_ The Gender S - Bella Forrest.epub
The Gift - Danielle Steel,millervillenas,ebooks,Adult,Danielle Steel,The Gift (96),The Gift - Danielle Steel.epub
The Good Luck Charm - Helena Hunting,millervillenas,ebooks,Adult,Helena Hunting,The Good Luck Charm (1128),The Good Luck Charm - Helena Hunting.mobi
The Gravedigger's Son_ A Charle - Darynda Jones,millervillenas,ebooks,Adult,Darynda Jones,The Gravedigger's Son_ A Charley Da (811),The Gravedigger's Son_ A Charle - Darynda Jones.epub
The Graveyard Shift_ A Charley - Darynda Jones,millervillenas,ebooks,Adult,Darynda Jones,The Graveyard Shift_ A Charley Davi (755),The Graveyard Shift_ A Charley - Darynda Jones.mobi
The Greatest Risk - Kristen Ashley,millervillenas,ebooks,Adult,Kristen Ashley,The Greatest Risk (1234),The Greatest Risk - Kristen Ashley.mobi
The Guy in the Middle_ An Under - Kate Stewart,millervillenas,ebooks,Adult,Kate Stewart,The Guy in the Middle_ An Underdog (1025),The Guy in the Middle_ An Under - Kate Stewart.epub
The Guy on the Right - Kate Stewart,millervillenas,ebooks,Adult,Kate Stewart,The Guy on the Right (1023),The Guy on the Right - Kate Stewart.epub
The Haunted Vagina - Carlton Mellick Iii,millervillenas,ebooks,Adult,Carlton Mellick Iii,The Haunted Vagina (155),The Haunted Vagina - Carlton Mellick Iii.epub
The Heart You Break (Wilde Ways - Cynthia Eden,millervillenas,ebooks,Adult,Cynthia Eden,The Heart You Break (Wilde Ways Boo (1203),The Heart You Break (Wilde Ways - Cynthia Eden.epub
The Highlander Series 3-Book Bu - Maya Banks,millervillenas,ebooks,Adult,Maya Banks,The Highlander Series 3-Book Bundle (233),The Highlander Series 3-Book Bu - Maya Banks.mobi
The Hope of Elantris - Brandon Sanderson,millervillenas,ebooks,Adult,Brandon Sanderson,The Hope of Elantris (610),The Hope of Elantris - Brandon Sanderson.epub
The Hot One - Lauren Blakely,millervillenas,ebooks,Adult,Lauren Blakely,The Hot One (1054),The Hot One - Lauren Blakely.mobi
The Hotshot Chef_ A Billionaire - JA Low,millervillenas,ebooks,Adult,JA Low,The Hotshot Chef_ A Billionaire Hol (973),The Hotshot Chef_ A Billionaire - JA Low.epub
The House - Christina Lauren,millervillenas,ebooks,Adult,Christina Lauren,The House (250),The House - Christina Lauren.mobi
The House - Danielle Steel,millervillenas,ebooks,Adult,Danielle Steel,The House (95),The House - Danielle Steel.epub
The House on Hope Street - Danielle Steel,millervillenas,ebooks,Adult,Danielle Steel,The House on Hope Street (85),The House on Hope Street - Danielle Steel.mobi
The Hunter Brothers Complete Co - M. S. Parker,millervillenas,ebooks,Adult,M. S. Parker,The Hunter Brothers Complete Collec (683),The Hunter Brothers Complete Co - M. S. Parker.epub
The Invitation - Vi Keeland,millervillenas,ebooks,Adult,Vi Keeland,The Invitation (1570),The Invitation - Vi Keeland.mobi
The Jack & Jill Series - Jewl E. Ann,millervillenas,ebooks,Adult,Jewl E. Ann,The Jack & Jill Series (1477),The Jack & Jill Series - Jewl E. Ann.mobi
The Joy of Sex - Alex Comfort,millervillenas,ebooks,Adult,Alex Comfort,The Joy of Sex (190),The Joy of Sex - Alex Comfort.mobi
The Kama Sutra in 200 positions - Andy Oliver,millervillenas,ebooks,Adult,Andy Oliver,The Kama Sutra in 200 positions (245),The Kama Sutra in 200 positions - Andy Oliver.mobi
The King - Tiffany Reisz,millervillenas,ebooks,Adult,Tiffany Reisz,The King (359),The King - Tiffany Reisz.mobi
The Kiss - Danielle Steel,millervillenas,ebooks,Adult,Danielle Steel,The Kiss (94),The Kiss - Danielle Steel.epub
The Klone and I_ A High-Tech Lo - Danielle Steel,millervillenas,ebooks,Adult,Danielle Steel,The Klone and I_ A High-Tech Love St (87),The Klone and I_ A High-Tech Lo - Danielle Steel.mobi
The Knight - Skye Warren,millervillenas,ebooks,Adult,Skye Warren,The Knight (549),The Knight - Skye Warren.epub
The Kobold Wizard's Dildo of En - Kobold Wizard's Dildo of Enligh,millervillenas,ebooks,Adult,Kobold Wizard's Dildo of Enlightenm,The Kobold Wizard's Dildo of Enligh (159),The Kobold Wizard's Dildo of En - Kobold Wizard's Dildo of Enligh.mobi
The Last Girl - Kitty Thomas,millervillenas,ebooks,Adult,Kitty Thomas,The Last Girl (526),The Last Girl - Kitty Thomas.epub
The Last Guy - Ilsa Madden-Mills,millervillenas,ebooks,Adult,Ilsa Madden-Mills,The Last Guy (1157),The Last Guy - Ilsa Madden-Mills.epub
The Last Second Chance_ A Small - Lucy Score,millervillenas,ebooks,Adult,Lucy Score,The Last Second Chance_ A Small Tow (1576),The Last Second Chance_ A Small - Lucy Score.epub
The Lie _ A Bad Boy Sports Roma - Karla Sorensen,millervillenas,ebooks,Adult,Karla Sorensen,The Lie _ A Bad Boy Sports Romance (947),The Lie _ A Bad Boy Sports Roma - Karla Sorensen.epub
The Lies We Told - Diane Chamberlain,millervillenas,ebooks,Adult,Diane Chamberlain,The Lies We Told (1315),The Lies We Told - Diane Chamberlain.epub
The Lies of Vampires and Slayer - K. M. Shea,millervillenas,ebooks,Adult,K. M. Shea,The Lies of Vampires and Slayers_ M (1469),The Lies of Vampires and Slayer - K. M. Shea.epub
The Lineup - Meghan Quinn,millervillenas,ebooks,Adult,Meghan Quinn,The Lineup (1185),The Lineup - Meghan Quinn.epub
"The Locker Room - Quinn, Meghan",millervillenas,ebooks,Adult,"Quinn, Meghan",The Locker Room (1178),"The Locker Room - Quinn, Meghan.mobi"
The Lost Fisherman - Jewel E. Ann,millervillenas,ebooks,Adult,Jewel E. Ann,The Lost Fisherman (1473),The Lost Fisherman - Jewel E. Ann.mobi
The Lycan King's Mate (BWWM) - Gwenny Edwards,millervillenas,ebooks,Adult,Gwenny Edwards,The Lycan King's Mate (BWWM) (986),The Lycan King's Mate (BWWM) - Gwenny Edwards.epub
The Maddest Obsession - Danielle Lori,millervillenas,ebooks,Adult,Danielle Lori,The Maddest Obsession (893),The Maddest Obsession - Danielle Lori.epub
"The Mammoth Book of Best New Er - Jakubowski, Maxim",millervillenas,ebooks,Adult,"Jakubowski, Maxim",The Mammoth Book of Best New Erotic (329),"The Mammoth Book of Best New Er - Jakubowski, Maxim.mobi"
The Mammoth Book of Best New Er - Maxim Jakubowski,millervillenas,ebooks,Adult,Maxim Jakubowski,The Mammoth Book of Best New Erotic (136),The Mammoth Book of Best New Er - Maxim Jakubowski.epub
The Mark of the Vampire Queen - Joey W. Hill,millervillenas,ebooks,Adult,Joey W. Hill,The Mark of the Vampire Queen (327),The Mark of the Vampire Queen - Joey W. Hill.epub
"The Mark of the Vampire Queen,  - Joey W. Hill",millervillenas,ebooks,Adult,Joey W. Hill,"The Mark of the Vampire Queen, Book  (42)","The Mark of the Vampire Queen,  - Joey W. Hill.mobi"
The Marriage Effect_ A Marriage - Karla Sorensen,millervillenas,ebooks,Adult,Karla Sorensen,The Marriage Effect_ A Marriage of (945),The Marriage Effect_ A Marriage - Karla Sorensen.mobi
The Marriage Rival_ An Office R - Kat T.Masen,millervillenas,ebooks,Adult,Kat T.Masen,The Marriage Rival_ An Office Roman (998),The Marriage Rival_ An Office R - Kat T.Masen.epub
The Men With the Golden Cuffs - Lexi Blake,millervillenas,ebooks,Adult,Lexi Blake,The Men With the Golden Cuffs (251),The Men With the Golden Cuffs - Lexi Blake.mobi
The Merger_ A Billionaire Fake - JA Low,millervillenas,ebooks,Adult,JA Low,The Merger_ A Billionaire Fake Marr (974),The Merger_ A Billionaire Fake - JA Low.mobi
The Midwife's Confession - Diane Chamberlain,millervillenas,ebooks,Adult,Diane Chamberlain,The Midwife's Confession (1317),The Midwife's Confession - Diane Chamberlain.epub
The Ministry of Time_ A Novel - Kaliane Bradley,millervillenas,ebooks,Adult,Kaliane Bradley,The Ministry of Time_ A Novel (1624),The Ministry of Time_ A Novel - Kaliane Bradley.epub
The Mistake - Elle Kennedy,millervillenas,ebooks,Adult,Elle Kennedy,The Mistake (410),The Mistake - Elle Kennedy.epub
The Mistletoe Kisser_ A Small T - Lucy Score,millervillenas,ebooks,Adult,Lucy Score,The Mistletoe Kisser_ A Small Town (1581),The Mistletoe Kisser_ A Small T - Lucy Score.mobi
The Mistress - Tiffany Reisz,millervillenas,ebooks,Adult,Tiffany Reisz,The Mistress (328),The Mistress - Tiffany Reisz.mobi
The Modern Gentleman - Meghan Quinn,millervillenas,ebooks,Adult,Meghan Quinn,The Modern Gentleman (1153),The Modern Gentleman - Meghan Quinn.epub
The Morbidly Obese Ninja - Carlton Mellick Iii,millervillenas,ebooks,Adult,Carlton Mellick Iii,The Morbidly Obese Ninja (163),The Morbidly Obese Ninja - Carlton Mellick Iii.mobi
The Naked Fisherman - Jewel E. Ann,millervillenas,ebooks,Adult,Jewel E. Ann,The Naked Fisherman (1475),The Naked Fisherman - Jewel E. Ann.mobi
The Naked Truth - Vi Keeland,millervillenas,ebooks,Adult,Vi Keeland,The Naked Truth (1572),The Naked Truth - Vi Keeland.mobi
The Next Flame (The Fall Away S - Penelope Douglas,millervillenas,ebooks,Adult,Penelope Douglas,The Next Flame (The Fall Away Serie (1462),The Next Flame (The Fall Away S - Penelope Douglas.mobi
The No-Show - Beth O'Leary,millervillenas,ebooks,Adult,Beth O'Leary,The No-Show (1529),The No-Show - Beth O'Leary.mobi
The Office Rival_ An Enemies-To - Kat T. Masen,millervillenas,ebooks,Adult,Kat T. Masen,The Office Rival_ An Enemies-To-Lov (997),The Office Rival_ An Enemies-To - Kat T. Masen.mobi
"The One You Can't Forget - Loren, Roni",millervillenas,ebooks,Adult,"Loren, Roni",The One You Can't Forget (850),"The One You Can't Forget - Loren, Roni.mobi"
The One You Fight For - Roni Loren,millervillenas,ebooks,Adult,Roni Loren,The One You Fight For (856),The One You Fight For - Roni Loren.epub
The One for You - Roni Loren,millervillenas,ebooks,Adult,Roni Loren,The One for You (857),The One for You - Roni Loren.epub
The Ones Who Got Away - Roni Loren,millervillenas,ebooks,Adult,Roni Loren,The Ones Who Got Away (851),The Ones Who Got Away - Roni Loren.mobi
The Only Choice (The Choices Tr - Dee Palmer,millervillenas,ebooks,Adult,Dee Palmer,The Only Choice (The Choices Trilog (538),The Only Choice (The Choices Tr - Dee Palmer.epub
The Opportunist - Tarryn Fisher,millervillenas,ebooks,Adult,Tarryn Fisher,The Opportunist (511),The Opportunist - Tarryn Fisher.epub
The Other Brother - Meghan Quinn,millervillenas,ebooks,Adult,Meghan Quinn,The Other Brother (1208),The Other Brother - Meghan Quinn.mobi
The Perfect Catch - Meghan Quinn,millervillenas,ebooks,Adult,Meghan Quinn,The Perfect Catch (1188),The Perfect Catch - Meghan Quinn.epub
The Play (Briar U Book 3) - Elle Kennedy,millervillenas,ebooks,Adult,Elle Kennedy,The Play (Briar U Book 3) (1478),The Play (Briar U Book 3) - Elle Kennedy.mobi
The Playboy's Guide to the Fake - Piper Marlowe,millervillenas,ebooks,Adult,Piper Marlowe,The Playboy's Guide to the Fake Fia (1218),The Playboy's Guide to the Fake - Piper Marlowe.mobi
The Player (The Player Duet Boo - K. Bromberg,millervillenas,ebooks,Adult,K. Bromberg,The Player (The Player Duet Book 1) (1310),The Player (The Player Duet Boo - K. Bromberg.epub
The Pleasure of His Punishment - J. S. Scott,millervillenas,ebooks,Adult,J. S. Scott,The Pleasure of His Punishment (167),The Pleasure of His Punishment - J. S. Scott.mobi
The Prince - Tiffany Reisz,millervillenas,ebooks,Adult,Tiffany Reisz,The Prince (326),The Prince - Tiffany Reisz.epub
The Promise - Danielle Steel,millervillenas,ebooks,Adult,Danielle Steel,The Promise (93),The Promise - Danielle Steel.mobi
The Promise of Love - Lori Foster,millervillenas,ebooks,Adult,Lori Foster,The Promise of Love (184),The Promise of Love - Lori Foster.epub
The Rebound - Sierra Hill,millervillenas,ebooks,Adult,Sierra Hill,The Rebound (1270),The Rebound - Sierra Hill.epub
The Right Stud - Ilsa Madden-Mills,millervillenas,ebooks,Adult,Ilsa Madden-Mills,The Right Stud (1158),The Right Stud - Ilsa Madden-Mills.mobi
"The Risk (Mindf_ck Series #1) - Abby, S.T_",millervillenas,ebooks,Adult,"Abby, S.T_",The Risk (Mindf_ck Series #1) (1558),"The Risk (Mindf_ck Series #1) - Abby, S.T_.epub"
The Risk_ Briar U - Elle Kennedy,millervillenas,ebooks,Adult,Elle Kennedy,The Risk_ Briar U (1479),The Risk_ Briar U - Elle Kennedy.mobi
The Rivalry - Nikki Sloane,millervillenas,ebooks,Adult,Nikki Sloane,The Rivalry (482),The Rivalry - Nikki Sloane.epub
The Rocker Who Betrays Me - Terri Anne Browning,millervillenas,ebooks,Adult,Terri Anne Browning,The Rocker Who Betrays Me (492),The Rocker Who Betrays Me - Terri Anne Browning.epub
The Rocker Who Cherishes Me - Terri Anne Browning,millervillenas,ebooks,Adult,Terri Anne Browning,The Rocker Who Cherishes Me (488),The Rocker Who Cherishes Me - Terri Anne Browning.epub
The Rocker Who Hates Me - Terri Anne Browning,millervillenas,ebooks,Adult,Terri Anne Browning,The Rocker Who Hates Me (493),The Rocker Who Hates Me - Terri Anne Browning.epub
The Rocker Who Holds Me - Terri Anne Browning,millervillenas,ebooks,Adult,Terri Anne Browning,The Rocker Who Holds Me (491),The Rocker Who Holds Me - Terri Anne Browning.epub
The Rocker Who Shatters Me - Terri Anne Browning,millervillenas,ebooks,Adult,Terri Anne Browning,The Rocker Who Shatters Me (487),The Rocker Who Shatters Me - Terri Anne Browning.epub
The Rocker Who Wants Me - Terri Anne Browning,millervillenas,ebooks,Adult,Terri Anne Browning,The Rocker Who Wants Me (483),The Rocker Who Wants Me - Terri Anne Browning.epub
The Rocker's Muse - Penelope Ward,millervillenas,ebooks,Adult,Penelope Ward,The Rocker's Muse (1619),The Rocker's Muse - Penelope Ward.epub
The Rockers' Babies - Terri Anne Browning,millervillenas,ebooks,Adult,Terri Anne Browning,The Rockers' Babies (486),The Rockers' Babies - Terri Anne Browning.epub
"The Ruins Of Us (Stolen Moments - Maura, Catharina",millervillenas,ebooks,Adult,"Maura, Catharina",The Ruins Of Us (Stolen Moments Boo (1035),"The Ruins Of Us (Stolen Moments - Maura, Catharina.epub"
The Rules of Dating My Best Fri - Vi Keeland,millervillenas,ebooks,Adult,Vi Keeland,The Rules of Dating My Best Friend' (1438),The Rules of Dating My Best Fri - Vi Keeland.mobi
The Rules of Dating My One-Nigh - Penelope Ward,millervillenas,ebooks,Adult,Penelope Ward,The Rules of Dating My One-Night St (1439),The Rules of Dating My One-Nigh - Penelope Ward.epub
The Rules of Dating a Younger M - Vi Keeland,millervillenas,ebooks,Adult,Vi Keeland,The Rules of Dating a Younger Man (1575),The Rules of Dating a Younger M - Vi Keeland.epub
The Saint - Tiffany Reisz,millervillenas,ebooks,Adult,Tiffany Reisz,The Saint (324),The Saint - Tiffany Reisz.mobi
The Score (Off-Campus #3) - Elle Kennedy,millervillenas,ebooks,Adult,Elle Kennedy,The Score (Off-Campus #3) (411),The Score (Off-Campus #3) - Elle Kennedy.epub
"The Secret Life of Ceecee Wilke - Chamberlain, Diane",millervillenas,ebooks,Adult,"Chamberlain, Diane",The Secret Life of Ceecee Wilkes (1318),"The Secret Life of Ceecee Wilke - Chamberlain, Diane.epub"
The Setup - Meghan Quinn,millervillenas,ebooks,Adult,Meghan Quinn,The Setup (1190),The Setup - Meghan Quinn.epub
The Seven Husbands of Evelyn Hu - Taylor Jenkins Reid,millervillenas,ebooks,Adult,Taylor Jenkins Reid,The Seven Husbands of Evelyn Hugo (1527),The Seven Husbands of Evelyn Hu - Taylor Jenkins Reid.mobi
"The Sex At Work Bundle - Kimberly Kaye Terry, Cathleen R",millervillenas,ebooks,Adult,"Kimberly Kaye Terry, Cathleen Ross",The Sex At Work Bundle (1014),"The Sex At Work Bundle - Kimberly Kaye Terry, Cathleen R.epub"
The Sexy One - Lauren Blakely,millervillenas,ebooks,Adult,Lauren Blakely,The Sexy One (1053),The Sexy One - Lauren Blakely.mobi
The Sexy Stranger_ A Billionair - JA Low,millervillenas,ebooks,Adult,JA Low,The Sexy Stranger_ A Billionaire Ho (975),The Sexy Stranger_ A Billionair - JA Low.epub
The Shameless Hour - Sarina Bowen,millervillenas,ebooks,Adult,Sarina Bowen,The Shameless Hour (1376),The Shameless Hour - Sarina Bowen.mobi
The Sinner - Emma Scott,millervillenas,ebooks,Adult,Emma Scott,The Sinner (841),The Sinner - Emma Scott.epub
The Siren - Tiffany Reisz,millervillenas,ebooks,Adult,Tiffany Reisz,The Siren (323),The Siren - Tiffany Reisz.epub
The Society #StalkerProblems - Ivy Smoak,millervillenas,ebooks,Adult,Ivy Smoak,The Society #StalkerProblems (813),The Society #StalkerProblems - Ivy Smoak.epub
The Society #Tanner - Ivy Smoak,millervillenas,ebooks,Adult,Ivy Smoak,The Society #Tanner (828),The Society #Tanner - Ivy Smoak.mobi
The Society #ThisIsWar - Ivy Smoak,millervillenas,ebooks,Adult,Ivy Smoak,The Society #ThisIsWar (1287),The Society #ThisIsWar - Ivy Smoak.epub
The Stolen Moments Trilogy Box - Catharina Maura,millervillenas,ebooks,Adult,Catharina Maura,The Stolen Moments Trilogy Box Set (1145),The Stolen Moments Trilogy Box - Catharina Maura.mobi
The Stopover (The Miles High Cl - T.L. Swan,millervillenas,ebooks,Adult,T.L. Swan,The Stopover (The Miles High Club) (1417),The Stopover (The Miles High Cl - T.L. Swan.mobi
The Strike Out - Meghan Quinn,millervillenas,ebooks,Adult,Meghan Quinn,The Strike Out (1189),The Strike Out - Meghan Quinn.epub
The Surrogate - Penelope Ward,millervillenas,ebooks,Adult,Penelope Ward,The Surrogate (1613),The Surrogate - Penelope Ward.epub
The Takeover (The Miles High Cl - T.L. Swan,millervillenas,ebooks,Adult,T.L. Swan,The Takeover (The Miles High Club) (1416),The Takeover (The Miles High Cl - T.L. Swan.epub
The Temporary Wife_ Luca and Va - Catharina Maura,millervillenas,ebooks,Adult,Catharina Maura,The Temporary Wife_ Luca and Valent (1282),The Temporary Wife_ Luca and Va - Catharina Maura.epub
"The Tie That Binds - Maura, Catharina",millervillenas,ebooks,Adult,"Maura, Catharina",The Tie That Binds (1285),"The Tie That Binds - Maura, Catharina.epub"
The Trade - Meghan Quinn,millervillenas,ebooks,Adult,Meghan Quinn,The Trade (1182),The Trade - Meghan Quinn.epub
The Trouble With Her_ A Friends - Kat T. Masen,millervillenas,ebooks,Adult,Kat T. Masen,The Trouble With Her_ A Friends-To- (988),The Trouble With Her_ A Friends - Kat T. Masen.mobi
The Trouble With Him_ A Secret - Kat T. Masen,millervillenas,ebooks,Adult,Kat T. Masen,The Trouble With Him_ A Secret Preg (989),The Trouble With Him_ A Secret - Kat T. Masen.epub
The Trouble With Love_ An Age G - Kat T. Masen,millervillenas,ebooks,Adult,Kat T. Masen,The Trouble With Love_ An Age Gap R (996),The Trouble With Love_ An Age G - Kat T. Masen.epub
The Trouble With Twelfth Grave_ - Darynda Jones,millervillenas,ebooks,Adult,Darynda Jones,The Trouble With Twelfth Grave_ A N (474),The Trouble With Twelfth Grave_ - Darynda Jones.epub
The Trouble With Us_ A Second C - Kat T. Masen,millervillenas,ebooks,Adult,Kat T. Masen,The Trouble With Us_ A Second Chanc (995),The Trouble With Us_ A Second C - Kat T. Masen.mobi
The Trouble with Love - Lauren Layne,millervillenas,ebooks,Adult,Lauren Layne,The Trouble with Love (1272),The Trouble with Love - Lauren Layne.epub
The Trouble with Twelfth Grave - Darynda Jones,millervillenas,ebooks,Adult,Darynda Jones,The Trouble with Twelfth Grave (558),The Trouble with Twelfth Grave - Darynda Jones.mobi
"The Truth - Landish, Lauren",millervillenas,ebooks,Adult,"Landish, Lauren",The Truth (876),"The Truth - Landish, Lauren.epub"
"The Truth in My Lies - Smoak, Ivy",millervillenas,ebooks,Adult,"Smoak, Ivy",The Truth in My Lies (819),"The Truth in My Lies - Smoak, Ivy.epub"
The Tycoon's Rebel Bride - Maya Banks,millervillenas,ebooks,Adult,Maya Banks,The Tycoon's Rebel Bride (223),The Tycoon's Rebel Bride - Maya Banks.epub
The Understatement of the Year - Sarina Bowen,millervillenas,ebooks,Adult,Sarina Bowen,The Understatement of the Year (1371),The Understatement of the Year - Sarina Bowen.mobi
The Unlikely Lady - Valerie Bowman,millervillenas,ebooks,Adult,Valerie Bowman,The Unlikely Lady (274),The Unlikely Lady - Valerie Bowman.mobi
The Unraveling_ A Novel - Vi Keeland,millervillenas,ebooks,Adult,Vi Keeland,The Unraveling_ A Novel (1569),The Unraveling_ A Novel - Vi Keeland.epub
The Unwanted Marriage_ Dion and - Catharina Maura,millervillenas,ebooks,Adult,Catharina Maura,The Unwanted Marriage_ Dion and Fay (1332),The Unwanted Marriage_ Dion and - Catharina Maura.mobi
The Vampire Queen's Servant - Joey W. Hill,millervillenas,ebooks,Adult,Joey W. Hill,The Vampire Queen's Servant (322),The Vampire Queen's Servant - Joey W. Hill.epub
"The Vampire Queen's Servant, Bo - Joey W. Hill",millervillenas,ebooks,Adult,Joey W. Hill,"The Vampire Queen's Servant, Book 1 (46)","The Vampire Queen's Servant, Bo - Joey W. Hill.epub"
The Virgin - Tiffany Reisz,millervillenas,ebooks,Adult,Tiffany Reisz,The Virgin (321),The Virgin - Tiffany Reisz.mobi
The Viscount Who Loved Me - Julia Quinn,millervillenas,ebooks,Adult,Julia Quinn,The Viscount Who Loved Me (1561),The Viscount Who Loved Me - Julia Quinn.mobi
The Wedding - Lexi Buchanan,millervillenas,ebooks,Adult,Lexi Buchanan,The Wedding (913),The Wedding - Lexi Buchanan.mobi
The Wedding Game - Meghan Quinn,millervillenas,ebooks,Adult,Meghan Quinn,The Wedding Game (1152),The Wedding Game - Meghan Quinn.epub
The Wrong Bride_ Ares & Raven's - Catharina Maura,millervillenas,ebooks,Adult,Catharina Maura,The Wrong Bride_ Ares & Raven's Sto (1284),The Wrong Bride_ Ares & Raven's - Catharina Maura.epub
The Year We Fell Down - Sarina Bowen,millervillenas,ebooks,Adult,Sarina Bowen,The Year We Fell Down (1369),The Year We Fell Down - Sarina Bowen.mobi
The Year We Hid Away - Sarina Bowen,millervillenas,ebooks,Adult,Sarina Bowen,The Year We Hid Away (1370),The Year We Hid Away - Sarina Bowen.mobi
The deal - Elle Kennedy,millervillenas,ebooks,Adult,Elle Kennedy,The deal (388),The deal - Elle Kennedy.epub
The long road home - Danielle Steel,millervillenas,ebooks,Adult,Danielle Steel,The long road home (89),The long road home - Danielle Steel.mobi
The vineyard_ a novel - Barbara Delinsky,millervillenas,ebooks,Adult,Barbara Delinsky,The vineyard_ a novel (24),The vineyard_ a novel - Barbara Delinsky.mobi
Their Virgin Captive - Shayla Black,millervillenas,ebooks,Adult,Shayla Black,Their Virgin Captive (1396),Their Virgin Captive - Shayla Black.mobi
"Their Virgin Concubine, Masters - Shayla Black Lexi Blake",millervillenas,ebooks,Adult,Shayla Black Lexi Blake,"Their Virgin Concubine, Masters of (1394)","Their Virgin Concubine, Masters - Shayla Black Lexi Blake.epub"
"Their Virgin Hostage, Masters o - Black, Shayla",millervillenas,ebooks,Adult,"Black, Shayla","Their Virgin Hostage, Masters of Me (1400)","Their Virgin Hostage, Masters o - Black, Shayla.mobi"
Their Virgin Mistress iTunes - Shayla Black,millervillenas,ebooks,Adult,Shayla Black,Their Virgin Mistress iTunes (1398),Their Virgin Mistress iTunes - Shayla Black.epub
Their Virgin Secretary - Shayla Black,millervillenas,ebooks,Adult,Shayla Black,Their Virgin Secretary (1399),Their Virgin Secretary - Shayla Black.epub
"Their Virgin's Secret, Masters - ShaylaBlack LexiBlake",millervillenas,ebooks,Adult,ShaylaBlack LexiBlake,"Their Virgin's Secret, Masters of M (1395)","Their Virgin's Secret, Masters - ShaylaBlack LexiBlake.epub"
Theirs to Cherish - Shayla Black,millervillenas,ebooks,Adult,Shayla Black,Theirs to Cherish (1412),Theirs to Cherish - Shayla Black.mobi
Then Came You - Jennifer Weiner,millervillenas,ebooks,Adult,Jennifer Weiner,Then Came You (1324),Then Came You - Jennifer Weiner.epub
Thief - Tarryn Fisher,millervillenas,ebooks,Adult,Tarryn Fisher,Thief (510),Thief - Tarryn Fisher.epub
Things We Hide From The Light - Lucy Score,millervillenas,ebooks,Adult,Lucy Score,Things We Hide From The Light (1531),Things We Hide From The Light - Lucy Score.mobi
Things We Hide from the Light ( - Lucy Score,millervillenas,ebooks,Adult,Lucy Score,Things We Hide from the Light (Knoc (1519),Things We Hide from the Light ( - Lucy Score.epub
Things We Never Got Over - Lucy Score,millervillenas,ebooks,Adult,Lucy Score,Things We Never Got Over (1503),Things We Never Got Over - Lucy Score.epub
Things we Left behind - Lucy Score,millervillenas,ebooks,Adult,Lucy Score,Things we Left behind (1518),Things we Left behind - Lucy Score.epub
"Third Chances - Smoak, Ivy",millervillenas,ebooks,Adult,"Smoak, Ivy",Third Chances (817),"Third Chances - Smoak, Ivy.mobi"
Third Grave Dead Ahead - Darynda Jones,millervillenas,ebooks,Adult,Darynda Jones,Third Grave Dead Ahead (461),Third Grave Dead Ahead - Darynda Jones.mobi
This Is Love - Ivy Smoak,millervillenas,ebooks,Adult,Ivy Smoak,This Is Love (829),This Is Love - Ivy Smoak.mobi
This Love Hurts - Willow Winters,millervillenas,ebooks,Adult,Willow Winters,This Love Hurts (719),This Love Hurts - Willow Winters.epub
This Man - Jodi Ellen Malpas,millervillenas,ebooks,Adult,Jodi Ellen Malpas,This Man (1609),This Man - Jodi Ellen Malpas.mobi
"This Man Confessed - Malpas, Jodi Ellen",millervillenas,ebooks,Adult,"Malpas, Jodi Ellen",This Man Confessed (1607),"This Man Confessed - Malpas, Jodi Ellen.mobi"
Those Summer Nights - Ivy Smoak,millervillenas,ebooks,Adult,Ivy Smoak,Those Summer Nights (822),Those Summer Nights - Ivy Smoak.mobi
Those Three Little Words - Meghan Quinn,millervillenas,ebooks,Adult,Meghan Quinn,Those Three Little Words (1117),Those Three Little Words - Meghan Quinn.mobi
Thoughtless - S.C. Stephens,millervillenas,ebooks,Adult,S.C. Stephens,Thoughtless (412),Thoughtless - S.C. Stephens.epub
Three Blind Dates - Meghan Quinn,millervillenas,ebooks,Adult,Meghan Quinn,Three Blind Dates (1202),Three Blind Dates - Meghan Quinn.epub
Three Hard Lessons - Nikki Sloane,millervillenas,ebooks,Adult,Nikki Sloane,Three Hard Lessons (480),Three Hard Lessons - Nikki Sloane.epub
Three Simple Rules (The Blindfo - Nikki Sloane,millervillenas,ebooks,Adult,Nikki Sloane,Three Simple Rules (The Blindfold C (481),Three Simple Rules (The Blindfo - Nikki Sloane.epub
Three and Out - Meghan Quinn,millervillenas,ebooks,Adult,Meghan Quinn,Three and Out (1213),Three and Out - Meghan Quinn.mobi
Three wishes_ a novel - Barbara Delinsky,millervillenas,ebooks,Adult,Barbara Delinsky,Three wishes_ a novel (28),Three wishes_ a novel - Barbara Delinsky.mobi
Thrive - Krista Ritchie,millervillenas,ebooks,Adult,Krista Ritchie,Thrive (1226),Thrive - Krista Ritchie.epub
Tie Me Down_ A Small Town Frien - Melanie Harlow,millervillenas,ebooks,Adult,Melanie Harlow,Tie Me Down_ A Small Town Friends t (1099),Tie Me Down_ A Small Town Frien - Melanie Harlow.epub
Tied With Me (With Me in Seattl - Kristen Proby,millervillenas,ebooks,Adult,Kristen Proby,Tied With Me (With Me in Seattle Bo (208),Tied With Me (With Me in Seattl - Kristen Proby.epub
Tied With Me - Kristen Proby,millervillenas,ebooks,Adult,Kristen Proby,Tied With Me (320),Tied With Me - Kristen Proby.epub
"Tiger (New Species, Book Seven) - Dohner, Laurann",millervillenas,ebooks,Adult,"Dohner, Laurann","Tiger (New Species, Book Seven) (577)","Tiger (New Species, Book Seven) - Dohner, Laurann.epub"
Tithed - Megan Hart,millervillenas,ebooks,Adult,Megan Hart,Tithed (50),Tithed - Megan Hart.epub
To Command and Collar - Cherise Sinclair,millervillenas,ebooks,Adult,Cherise Sinclair,To Command and Collar (425),To Command and Collar - Cherise Sinclair.mobi
"To Sir Phillip, With Love - Julia Quinn",millervillenas,ebooks,Adult,Julia Quinn,"To Sir Phillip, With Love (1566)","To Sir Phillip, With Love - Julia Quinn.epub"
To the Ends of the Earth (Strip - Skye Warren,millervillenas,ebooks,Adult,Skye Warren,To the Ends of the Earth (Stripped (551),To the Ends of the Earth (Strip - Skye Warren.epub
Toe the Line - Penelope Ward,millervillenas,ebooks,Adult,Penelope Ward,Toe the Line (1623),Toe the Line - Penelope Ward.epub
Together Alone - Barbara Delinsky,millervillenas,ebooks,Adult,Barbara Delinsky,Together Alone (25),Together Alone - Barbara Delinsky.mobi
Too Easy - Willow Winters,millervillenas,ebooks,Adult,Willow Winters,Too Easy (685),Too Easy - Willow Winters.epub
Too Late - Colleen Hoover,millervillenas,ebooks,Adult,Colleen Hoover,Too Late (1262),Too Late - Colleen Hoover.epub
Too Much Sausage (The Society B - Ivy Smoak,millervillenas,ebooks,Adult,Ivy Smoak,Too Much Sausage (The Society Book (1584),Too Much Sausage (The Society B - Ivy Smoak.epub
Top Secret - Sarina Bowen,millervillenas,ebooks,Adult,Sarina Bowen,Top Secret (1336),Top Secret - Sarina Bowen.epub
Torrent (Dark Romance) - Gemma James,millervillenas,ebooks,Adult,Gemma James,Torrent (Dark Romance) (520),Torrent (Dark Romance) - Gemma James.epub
Totally His - Erin Nicholas,millervillenas,ebooks,Adult,Erin Nicholas,Totally His (1097),Totally His - Erin Nicholas.mobi
Tough Love - Skye Warren,millervillenas,ebooks,Adult,Skye Warren,Tough Love (684),Tough Love - Skye Warren.epub
Toxic Bachelors - Danielle Steel,millervillenas,ebooks,Adult,Danielle Steel,Toxic Bachelors (79),Toxic Bachelors - Danielle Steel.epub
Trapped By Revenge_ A Shelby Ni - Colleen Helme,millervillenas,ebooks,Adult,Colleen Helme,Trapped By Revenge_ A Shelby Nichol (614),Trapped By Revenge_ A Shelby Ni - Colleen Helme.epub
Trashed - Jasinda Wilder,millervillenas,ebooks,Adult,Jasinda Wilder,Trashed (894),Trashed - Jasinda Wilder.epub
Trouble (Bad Boy Homecoming Boo - Avery Flynn,millervillenas,ebooks,Adult,Avery Flynn,Trouble (Bad Boy Homecoming Book 2) (449),Trouble (Bad Boy Homecoming Boo - Avery Flynn.epub
Trouble - Tia Louise,millervillenas,ebooks,Adult,Tia Louise,Trouble (1484),Trouble - Tia Louise.epub
True Love (The Society Book 4) - Ivy Smoak,millervillenas,ebooks,Adult,Ivy Smoak,True Love (The Society Book 4) (1589),True Love (The Society Book 4) - Ivy Smoak.epub
"True_ 11 (New Species) - Dohner, Laurann",millervillenas,ebooks,Adult,"Dohner, Laurann",True_ 11 (New Species) (574),"True_ 11 (New Species) - Dohner, Laurann.epub"
Trust (Things That Matter Book - Casey Diam,millervillenas,ebooks,Adult,Casey Diam,Trust (Things That Matter Book 1) (842),Trust (Things That Matter Book - Casey Diam.epub
Trust in Me - J. Lynn,millervillenas,ebooks,Adult,J. Lynn,Trust in Me (793),Trust in Me - J. Lynn.epub
"Trusting You - Dover, L. P_",millervillenas,ebooks,Adult,"Dover, L. P_",Trusting You (651),"Trusting You - Dover, L. P_.epub"
Tryst Six Venom - Penelope Douglas,millervillenas,ebooks,Adult,Penelope Douglas,Tryst Six Venom (1464),Tryst Six Venom - Penelope Douglas.epub
Twelve Across - Barbara Delinsky,millervillenas,ebooks,Adult,Barbara Delinsky,Twelve Across (30),Twelve Across - Barbara Delinsky.mobi
Twisted Emotions (The Camorra C - Cora Reilly,millervillenas,ebooks,Adult,Cora Reilly,Twisted Emotions (The Camorra Chron (688),Twisted Emotions (The Camorra C - Cora Reilly.epub
Twisted Loyalties (The Camorra - Cora Reilly,millervillenas,ebooks,Adult,Cora Reilly,Twisted Loyalties (The Camorra Chro (687),Twisted Loyalties (The Camorra - Cora Reilly.epub
Twisted Twosome - Meghan Quinn,millervillenas,ebooks,Adult,Meghan Quinn,Twisted Twosome (1210),Twisted Twosome - Meghan Quinn.mobi
Two Wedding Crashers - Meghan Quinn,millervillenas,ebooks,Adult,Meghan Quinn,Two Wedding Crashers (1201),Two Wedding Crashers - Meghan Quinn.epub
Ugly Love - Colleen Hoover,millervillenas,ebooks,Adult,Colleen Hoover,Ugly Love (1252),Ugly Love - Colleen Hoover.epub
"Unconditional_ A Masters and Me - Blake, Lexi",millervillenas,ebooks,Adult,"Blake, Lexi",Unconditional_ A Masters and Mercen (259),"Unconditional_ A Masters and Me - Blake, Lexi.epub"
Under The Mistletoe With Me - Kristen Proby,millervillenas,ebooks,Adult,Kristen Proby,Under The Mistletoe With Me (318),Under The Mistletoe With Me - Kristen Proby.mobi
Under the Mistletoe With Me_ A - Kristen Proby,millervillenas,ebooks,Adult,Kristen Proby,Under the Mistletoe With Me_ A With (210),Under the Mistletoe With Me_ A - Kristen Proby.epub
Undone by Her Tender Touch - Maya Banks,millervillenas,ebooks,Adult,Maya Banks,Undone by Her Tender Touch (226),Undone by Her Tender Touch - Maya Banks.epub
Unhitched - Jamie Farrell,millervillenas,ebooks,Adult,Jamie Farrell,Unhitched (1280),Unhitched - Jamie Farrell.mobi
Unlawful Attraction_ The Comple - M. S. Parker,millervillenas,ebooks,Adult,M. S. Parker,Unlawful Attraction_ The Complete B (666),Unlawful Attraction_ The Comple - M. S. Parker.epub
"Unravel Me_ The Juliette Chroni - Mafi, Tahereh",millervillenas,ebooks,Adult,"Mafi, Tahereh",Unravel Me_ The Juliette Chronicles (612),"Unravel Me_ The Juliette Chroni - Mafi, Tahereh.epub"
Unravel You_ A Hot Billionaire - Diana A. Hicks,millervillenas,ebooks,Adult,Diana A. Hicks,Unravel You_ A Hot Billionaire Roma (1058),Unravel You_ A Hot Billionaire - Diana A. Hicks.mobi
Unstable - S.E. Hall,millervillenas,ebooks,Adult,S.E. Hall,Unstable (539),Unstable - S.E. Hall.epub
Untamed (Irresistible Bachelors - Lauren Landish,millervillenas,ebooks,Adult,Lauren Landish,Untamed (Irresistible Bachelors Boo (931),Untamed (Irresistible Bachelors - Lauren Landish.epub
Untamed - Lauren Landish,millervillenas,ebooks,Adult,Lauren Landish,Untamed (915),Untamed - Lauren Landish.mobi
Untamed - S. C. Stephens,millervillenas,ebooks,Adult,S. C. Stephens,Untamed (393),Untamed - S. C. Stephens.epub
Until Fountain Bridge - Samantha Young,millervillenas,ebooks,Adult,Samantha Young,Until Fountain Bridge (630),Until Fountain Bridge - Samantha Young.epub
Until Fountain Bridge_ (InterMi - Samantha Young,millervillenas,ebooks,Adult,Samantha Young,Until Fountain Bridge_ (InterMix) (289),Until Fountain Bridge_ (InterMi - Samantha Young.epub
Until It Was Love - Pippa Grant,millervillenas,ebooks,Adult,Pippa Grant,Until It Was Love (1524),Until It Was Love - Pippa Grant.epub
Until You (Fall Away Series) - Penelope Douglas,millervillenas,ebooks,Adult,Penelope Douglas,Until You (Fall Away Series) (1459),Until You (Fall Away Series) - Penelope Douglas.mobi
Until You (Redemption #1) - K. Bromberg,millervillenas,ebooks,Adult,K. Bromberg,Until You (Redemption #1) (1291),Until You (Redemption #1) - K. Bromberg.mobi
Until You_ A Brother's Best Fri - Catharina Maura,millervillenas,ebooks,Adult,Catharina Maura,Until You_ A Brother's Best Friend (1143),Until You_ A Brother's Best Fri - Catharina Maura.epub
Unveil Me (The Jaded Series Boo - Alex Grayson,millervillenas,ebooks,Adult,Alex Grayson,Unveil Me (The Jaded Series Book 3) (453),Unveil Me (The Jaded Series Boo - Alex Grayson.epub
Us_ Book Three in The Everett G - Drew Sera,millervillenas,ebooks,Adult,Drew Sera,Us_ Book Three in The Everett Gamin (607),Us_ Book Three in The Everett G - Drew Sera.epub
Vagrant (Dark Romance) - Gemma James,millervillenas,ebooks,Adult,Gemma James,Vagrant (Dark Romance) (517),Vagrant (Dark Romance) - Gemma James.mobi
Valentine_ An On Dublin Street - Samantha Young,millervillenas,ebooks,Adult,Samantha Young,Valentine_ An On Dublin Street Nove (292),Valentine_ An On Dublin Street - Samantha Young.epub
Valetti Crime Family_ The Compl - Willow Winters,millervillenas,ebooks,Adult,Willow Winters,Valetti Crime Family_ The Complete (707),Valetti Crime Family_ The Compl - Willow Winters.epub
Valiant - Laurann Dohner,millervillenas,ebooks,Adult,Laurann Dohner,Valiant (580),Valiant - Laurann Dohner.epub
Vampire Instinct - Joey W Hill,millervillenas,ebooks,Adult,Joey W Hill,Vampire Instinct (319),Vampire Instinct - Joey W Hill.epub
"Vampire Instinct, Book 7 - Joey W. Hill",millervillenas,ebooks,Adult,Joey W. Hill,"Vampire Instinct, Book 7 (41)","Vampire Instinct, Book 7 - Joey W. Hill.mobi"
"Vampire Mistress (2010) - Hill, Joey W - Vampire Queen 05",millervillenas,ebooks,Adult,"Hill, Joey W - Vampire Queen 05",Vampire Mistress (2010) (316),"Vampire Mistress (2010) - Hill, Joey W - Vampire Queen 05.mobi"
"Vampire Mistress, Book 5 - Joey W. Hill",millervillenas,ebooks,Adult,Joey W. Hill,"Vampire Mistress, Book 5 (40)","Vampire Mistress, Book 5 - Joey W. Hill.epub"
"Vampire Trinity - Hill, Joey W_",millervillenas,ebooks,Adult,"Hill, Joey W_",Vampire Trinity (317),"Vampire Trinity - Hill, Joey W_.epub"
"Vampire Trinity, Book 6 - Joey W. Hill",millervillenas,ebooks,Adult,Joey W. Hill,"Vampire Trinity, Book 6 (39)","Vampire Trinity, Book 6 - Joey W. Hill.mobi"
Vanished - Danielle Steel,millervillenas,ebooks,Adult,Danielle Steel,Vanished (78),Vanished - Danielle Steel.epub
Vegas Curves - Christa Wick,millervillenas,ebooks,Adult,Christa Wick,Vegas Curves (146),Vegas Curves - Christa Wick.mobi
Verity - Colleen Hoover,millervillenas,ebooks,Adult,Colleen Hoover,Verity (1250),Verity - Colleen Hoover.epub
Very Bad Things (Briarcrest Aca - Ilsa Madden-Mills,millervillenas,ebooks,Adult,Ilsa Madden-Mills,Very Bad Things (Briarcrest Academy (1144),Very Bad Things (Briarcrest Aca - Ilsa Madden-Mills.mobi
Very Twisted Things (Briarcrest - Ilsa Madden-Mills,millervillenas,ebooks,Adult,Ilsa Madden-Mills,Very Twisted Things (Briarcrest Aca (1154),Very Twisted Things (Briarcrest - Ilsa Madden-Mills.mobi
Very Wicked Beginnings - Ilsa Madden-Mills,millervillenas,ebooks,Adult,Ilsa Madden-Mills,Very Wicked Beginnings (1156),Very Wicked Beginnings - Ilsa Madden-Mills.mobi
Very Wicked Things - Ilsa Madden-Mills,millervillenas,ebooks,Adult,Ilsa Madden-Mills,Very Wicked Things (1155),Very Wicked Things - Ilsa Madden-Mills.mobi
Vow of Deception_ A Dark Marria - Rina Kent,millervillenas,ebooks,Adult,Rina Kent,Vow of Deception_ A Dark Marriage R (838),Vow of Deception_ A Dark Marria - Rina Kent.epub
"Wait With Me - Daws, Amy",millervillenas,ebooks,Adult,"Daws, Amy",Wait With Me (930),"Wait With Me - Daws, Amy.mobi"
"Wait for You - Lynn, J_",millervillenas,ebooks,Adult,"Lynn, J_",Wait for You (788),"Wait for You - Lynn, J_.epub"
Walking Disaster_ A Novel - Jamie McGuire,millervillenas,ebooks,Adult,Jamie McGuire,Walking Disaster_ A Novel (585),Walking Disaster_ A Novel - Jamie McGuire.epub
"Wallbanger (Cocktail, #1) - Alice Clayton",millervillenas,ebooks,Adult,Alice Clayton,"Wallbanger (Cocktail, #1) (402)","Wallbanger (Cocktail, #1) - Alice Clayton.mobi"
War Slut - Carlton Mellick Iii,millervillenas,ebooks,Adult,Carlton Mellick Iii,War Slut (164),War Slut - Carlton Mellick Iii.mobi
Warning Track - Meghan Quinn,millervillenas,ebooks,Adult,Meghan Quinn,Warning Track (1200),Warning Track - Meghan Quinn.epub
Warrior Wolf Women of the Waste - Carlton Mellick Iii,millervillenas,ebooks,Adult,Carlton Mellick Iii,Warrior Wolf Women of the Wasteland (165),Warrior Wolf Women of the Waste - Carlton Mellick Iii.mobi
Waylaid - Sarina Bowen,millervillenas,ebooks,Adult,Sarina Bowen,Waylaid (1349),Waylaid - Sarina Bowen.epub
Wednesday - Kendall Ryan,millervillenas,ebooks,Adult,Kendall Ryan,Wednesday (304),Wednesday - Kendall Ryan.mobi
Weight of the World - Riley Hart,millervillenas,ebooks,Adult,Riley Hart,Weight of the World (504),Weight of the World - Riley Hart.epub
Well Built - Carly Phillips,millervillenas,ebooks,Adult,Carly Phillips,Well Built (1064),Well Built - Carly Phillips.epub
Well Hung - Lauren Blakely,millervillenas,ebooks,Adult,Lauren Blakely,Well Hung (1112),Well Hung - Lauren Blakely.mobi
"What He Wants_ Trusting You pre - Dover, L.P_",millervillenas,ebooks,Adult,"Dover, L.P_",What He Wants_ Trusting You prequel (653),"What He Wants_ Trusting You pre - Dover, L.P_.epub"
What I Would Do For You - Willow Winters,millervillenas,ebooks,Adult,Willow Winters,What I Would Do For You (746),What I Would Do For You - Willow Winters.mobi
What If I Never - Lisa Renee Jones,millervillenas,ebooks,Adult,Lisa Renee Jones,What If I Never (981),What If I Never - Lisa Renee Jones.epub
What If You & Me - Roni Loren,millervillenas,ebooks,Adult,Roni Loren,What If You & Me (852),What If You & Me - Roni Loren.epub
What Lovers Do - Jewel E. Ann,millervillenas,ebooks,Adult,Jewel E. Ann,What Lovers Do (1472),What Lovers Do - Jewel E. Ann.mobi
When He Was Wicked - Julia Quinn,millervillenas,ebooks,Adult,Julia Quinn,When He Was Wicked (1567),When He Was Wicked - Julia Quinn.mobi
When Sparks Fly - Helena Hunting,millervillenas,ebooks,Adult,Helena Hunting,When Sparks Fly (1142),When Sparks Fly - Helena Hunting.mobi
When the Stars Fall (Lost Stars - Emery Rose,millervillenas,ebooks,Adult,Emery Rose,When the Stars Fall (Lost Stars Boo (1070),When the Stars Fall (Lost Stars - Emery Rose.epub
When the Storm Breaks (Lost Sta - Emery Rose,millervillenas,ebooks,Adult,Emery Rose,When the Storm Breaks (Lost Stars) (1071),When the Storm Breaks (Lost Sta - Emery Rose.epub
Where it all Began_ A Small Tow - Lucy Score,millervillenas,ebooks,Adult,Lucy Score,Where it all Began_ A Small Town Lo (1582),Where it all Began_ A Small Tow - Lucy Score.epub
Where the Crawdads Sing - Delia Owens,millervillenas,ebooks,Adult,Delia Owens,Where the Crawdads Sing (1032),Where the Crawdads Sing - Delia Owens.mobi
While My Sister Sleeps - Barbara Delinsky,millervillenas,ebooks,Adult,Barbara Delinsky,While My Sister Sleeps (27),While My Sister Sleeps - Barbara Delinsky.epub
Whiskey Chaser (Bootleg Springs - Lucy Score,millervillenas,ebooks,Adult,Lucy Score,Whiskey Chaser (Bootleg Springs Boo (1534),Whiskey Chaser (Bootleg Springs - Lucy Score.epub
Whiskey Lies (Falling For Whisk - Brittanee Nicole,millervillenas,ebooks,Adult,Brittanee Nicole,Whiskey Lies (Falling For Whiskey B (1500),Whiskey Lies (Falling For Whisk - Brittanee Nicole.mobi
Whispers in the Dark - Maya Banks,millervillenas,ebooks,Adult,Maya Banks,Whispers in the Dark (222),Whispers in the Dark - Maya Banks.epub
Whistleblower (PALADIN Book 1) - Kay Cove,millervillenas,ebooks,Adult,Kay Cove,Whistleblower (PALADIN Book 1) (1455),Whistleblower (PALADIN Book 1) - Kay Cove.mobi
Wicked As Sin (One-Mile and Bre - Shayla Black,millervillenas,ebooks,Adult,Shayla Black,"Wicked As Sin (One-Mile and Brea, P (1444)",Wicked As Sin (One-Mile and Bre - Shayla Black.epub
Wicked Beat - Olivia Cunning,millervillenas,ebooks,Adult,Olivia Cunning,Wicked Beat (1600),Wicked Beat - Olivia Cunning.epub
Wicked Ever After (One-Mile and - Shayla Black,millervillenas,ebooks,Adult,Shayla Black,Wicked Ever After (One-Mile and Bre (1445),Wicked Ever After (One-Mile and - Shayla Black.mobi
Wicked Sexy Liar (Wild Seasons - Christina Lauren,millervillenas,ebooks,Adult,Christina Lauren,Wicked Sexy Liar (Wild Seasons Book (1573),Wicked Sexy Liar (Wild Seasons - Christina Lauren.epub
Wicked Ties - Shayla Black,millervillenas,ebooks,Adult,Shayla Black,Wicked Ties (1406),Wicked Ties - Shayla Black.mobi
Wicked To Love 5.5 - Shayla Black,millervillenas,ebooks,Adult,Shayla Black,Wicked To Love 5.5 (1408),Wicked To Love 5.5 - Shayla Black.epub
Wicked and Bare (Matt & Madison - Shayla Black,millervillenas,ebooks,Adult,Shayla Black,"Wicked and Bare (Matt & Madison, Pa (1449)",Wicked and Bare (Matt & Madison - Shayla Black.mobi
Wicked and Forever (Trees & Lai - Shayla Black,millervillenas,ebooks,Adult,Shayla Black,"Wicked and Forever (Trees & Laila, (1446)",Wicked and Forever (Trees & Lai - Shayla Black.mobi
Wicked and True (Zyron and Tess - Shayla Black,millervillenas,ebooks,Adult,Shayla Black,"Wicked and True (Zyron and Tessa, P (1451)",Wicked and True (Zyron and Tess - Shayla Black.epub
"Wicked as Lies (Zyron & Tessa, - Shayla Black",millervillenas,ebooks,Adult,Shayla Black,"Wicked as Lies (Zyron & Tessa, Part (1450)","Wicked as Lies (Zyron & Tessa, - Shayla Black.mobi"
Wicked as Secrets - Shayla Black,millervillenas,ebooks,Adult,Shayla Black,Wicked as Secrets (1447),Wicked as Secrets - Shayla Black.epub
Wicked as Seduction (Trees & La - Shayla Black,millervillenas,ebooks,Adult,Shayla Black,"Wicked as Seduction (Trees & Laila, (1448)",Wicked as Seduction (Trees & La - Shayla Black.epub
Wicked for You - Shayla Black,millervillenas,ebooks,Adult,Shayla Black,Wicked for You (1410),Wicked for You - Shayla Black.epub
"Willing Sacrifice (Knights of t - Hill, Joey W_",millervillenas,ebooks,Adult,"Hill, Joey W_",Willing Sacrifice (Knights of the B (547),"Willing Sacrifice (Knights of t - Hill, Joey W_.epub"
Wings So Wicked_ Golden City bo - Emily Blackwood,millervillenas,ebooks,Adult,Emily Blackwood,Wings So Wicked_ Golden City book 1 (1466),Wings So Wicked_ Golden City bo - Emily Blackwood.epub
Winters' Thaw - Dalton Diaz,millervillenas,ebooks,Adult,Dalton Diaz,Winters' Thaw (11),Winters' Thaw - Dalton Diaz.mobi
Wishing for Champagne Kisses _ - Brittanee Nicole,millervillenas,ebooks,Adult,Brittanee Nicole,Wishing for Champagne Kisses _ A Fa (1523),Wishing for Champagne Kisses _ - Brittanee Nicole.mobi
With A Twist - Sawyer Bennett,millervillenas,ebooks,Adult,Sawyer Bennett,With A Twist (1057),With A Twist - Sawyer Bennett.epub
With This Man - Jodi Ellen Malpas,millervillenas,ebooks,Adult,Jodi Ellen Malpas,With This Man (1611),With This Man - Jodi Ellen Malpas.mobi
"Withering Hope - Hagen, Layla",millervillenas,ebooks,Adult,"Hagen, Layla",Withering Hope (860),"Withering Hope - Hagen, Layla.epub"
Without Merit - Colleen Hoover,millervillenas,ebooks,Adult,Colleen Hoover,Without Merit (1264),Without Merit - Colleen Hoover.epub
Without Warning_ A Billionaire - JA Low,millervillenas,ebooks,Adult,JA Low,Without Warning_ A Billionaire Roma (984),Without Warning_ A Billionaire - JA Low.epub
Wolf Curves - Christa Wick,millervillenas,ebooks,Adult,Christa Wick,Wolf Curves (150),Wolf Curves - Christa Wick.epub
Woman's Place - Barbara Delinsky,millervillenas,ebooks,Adult,Barbara Delinsky,Woman's Place (22),Woman's Place - Barbara Delinsky.mobi
Worth the Fight - Vi Keeland,millervillenas,ebooks,Adult,Vi Keeland,Worth the Fight (384),Worth the Fight - Vi Keeland.epub
Wounded Kiss (To Be Claimed Sag - Willow Winters,millervillenas,ebooks,Adult,Willow Winters,Wounded Kiss (To Be Claimed Saga Bo (834),Wounded Kiss (To Be Claimed Sag - Willow Winters.epub
"Wrath (New Species, Book Six) - Dohner, Laurann",millervillenas,ebooks,Adult,"Dohner, Laurann","Wrath (New Species, Book Six) (579)","Wrath (New Species, Book Six) - Dohner, Laurann.epub"
Yanked (Frenched #1.5) - Melanie Harlow,millervillenas,ebooks,Adult,Melanie Harlow,Yanked (Frenched #1.5) (1106),Yanked (Frenched #1.5) - Melanie Harlow.epub
Yes & I Love You_ 1 (Say Everyt - Roni Loren,millervillenas,ebooks,Adult,Roni Loren,Yes & I Love You_ 1 (Say Everything (849),Yes & I Love You_ 1 (Say Everyt - Roni Loren.mobi
You Are Mine - Jackie Ashenden,millervillenas,ebooks,Adult,Jackie Ashenden,You Are Mine (303),You Are Mine - Jackie Ashenden.epub
You Are My Hope (You Are Mine B - Willow Winters,millervillenas,ebooks,Adult,Willow Winters,You Are My Hope (You Are Mine Book (648),You Are My Hope (You Are Mine B - Willow Winters.epub
You Are My Reason (You Are Mine - Willow Winters,millervillenas,ebooks,Adult,Willow Winters,You Are My Reason (You Are Mine Boo (647),You Are My Reason (You Are Mine - Willow Winters.mobi
You Are My Reason - Willow Winters,millervillenas,ebooks,Adult,Willow Winters,You Are My Reason (840),You Are My Reason - Willow Winters.mobi
You Know I Love You - Willow Winters,millervillenas,ebooks,Adult,Willow Winters,You Know I Love You (833),You Know I Love You - Willow Winters.epub
"You Know I Love You_ Book 1, Yo - Willow Winters",millervillenas,ebooks,Adult,Willow Winters,"You Know I Love You_ Book 1, You Kn (649)","You Know I Love You_ Book 1, Yo - Willow Winters.mobi"
"You Know I Need You_ Book 2, Yo - Willow Winters",millervillenas,ebooks,Adult,Willow Winters,"You Know I Need You_ Book 2, You Kn (832)","You Know I Need You_ Book 2, Yo - Willow Winters.epub"
You're The One - Layla Hagen,millervillenas,ebooks,Adult,Layla Hagen,You're The One (859),You're The One - Layla Hagen.epub
Yours All Along - Roni Loren,millervillenas,ebooks,Adult,Roni Loren,Yours All Along (439),Yours All Along - Roni Loren.epub
Yours for Christmas_ An Acciden - Lilian Monroe,millervillenas,ebooks,Adult,Lilian Monroe,Yours for Christmas_ An Accidental (994),Yours for Christmas_ An Acciden - Lilian Monroe.epub
Zero - Charles Seife,millervillenas,ebooks,Adult,Charles Seife,Zero (691),Zero - Charles Seife.epub
Zoya - Danielle Steel,millervillenas,ebooks,Adult,Danielle Steel,Zoya (77),Zoya - Danielle Steel.epub
[SLEEPING BEAUTY 01] The Claimi - A.N. Roquelaure,millervillenas,ebooks,Adult,A.N. Roquelaure,[SLEEPING BEAUTY 01] The Claiming o (1588),[SLEEPING BEAUTY 01] The Claimi - A.N. Roquelaure.epub
[SLEEPING BEAUTY 02] Beauty's P - A.N. Roquelaure,millervillenas,ebooks,Adult,A.N. Roquelaure,[SLEEPING BEAUTY 02] Beauty's Punis (1586),[SLEEPING BEAUTY 02] Beauty's P - A.N. Roquelaure.epub
[SLEEPING BEAUTY 03] Beauty's R - A.N. Roquelaure,millervillenas,ebooks,Adult,A.N. Roquelaure,[SLEEPING BEAUTY 03] Beauty's Relea (1585),[SLEEPING BEAUTY 03] Beauty's R - A.N. Roquelaure.epub
ash city - Penelope Douglas,millervillenas,ebooks,Adult,Penelope Douglas,ash city (1465),ash city - Penelope Douglas.epub
the guy on the left - Kate Stewart,millervillenas,ebooks,Adult,Kate Stewart,the guy on the left (1024),the guy on the left - Kate Stewart.epub
untitled - Overheard,millervillenas,ebooks,Adult,Overheard,untitled (346),untitled - Overheard.epub
